obs_id,CODA_C_conn,CODA_O_ord,CODA_D_dom,CODA_A_aut,CODA_imbalance,C_cohesion,T_tension,Theta_social_temp,E_m_maintenance,L_legitimacy,R_repression,P_centralization,E_economic_stress,Psi_div,Psi_coherence,Q_coupling,K_absorption,D_dissipation,H_inertia,Theta_elite,Theta_majority,TG_hazard,S_entropy,CS_config_space,EH_proximity,OA_mismatch,delta_tau,x1_E_prime_proxy,x1_E_double_prime_proxy,MDI_star,regime_phase,x2_sol_position,x3_sol_position,x2_pop_centroid,x3_pop_centroid,alpha_degrees,T_prime_system,T_double_prime_system,T_prime_inner_orbit,T_prime_outer_orbit,T_prime_interior_region,PI_n_x1,PI_w_x1,PI_z_x1,PIw_PIn_ratio,PIz_PIw_ratio,gdp_pc_usd,gdp_growth_rate,unemployment_rate,youth_unemployment_rate,gini_coefficient,top_10pct_income_share,bottom_40pct_income_share,income_share_q1,income_share_q2,income_share_q3,income_share_q4,income_share_q5,poverty_headcount_pct,food_price_index,inflation_cpi,remittances_pct_gdp,fdi_net_pct_gdp,tourism_revenue_pct_gdp,govt_education_spending_pct_gdp,govt_health_spending_pct_gdp,military_police_spending_pct_gdp,internet_penetration_pct,mobile_penetration_pct,freedom_house_political_rights,freedom_house_civil_liberties,polity2,corruption_cpi_score,protest_events_count,repression_events_count,case_id,date_start,date_end,period_label,resolution
TUN-1990,0.135,0.37749999999999995,0.7447108269345912,0.5,0.24360541346729558,0.47000000000000003,0.5,0.0,0.12008276848801305,0.5,0.35,0.75,0.3679666801399247,0.5,0.5,0.5,0.3001624154310846,0.5,0.55,0.1,0.0,-0.09000000000000001,0.010000000000000002,0.19846625744955526,,0.25,0.5,0.0,0.0,0.23817876047788025,Metastable,0.6,0.7,,0.09999999999999998,,,,0.9924038765061041,,,1.0,1.9161166501160758,2.13878758806367,1.9161166501160758,1.116209489612287,1476.43160477311,7.94981943665461,,,40.1,30.6,16.3,5.9,10.4,15.2,22.0,46.4,16.3,57.7,6.54529307282414,4.48346758219995,0.629908672190098,,5.79086017608643,,1.83945658886675,0.0,0.011291437,6,5,,,,,TUNISIA,1990-01-01,1990-12-31,1990,annual
TUN-1991,0.1350232768222713,0.37749999999999995,0.7410691529387554,0.5,0.24177293805824202,0.47000000000000003,0.5,0.0,0.21148917727819158,0.5,0.35,0.75,0.43247697486755676,0.5,0.5,0.5,0.3670101873381705,0.5,0.5666666666666667,0.1,0.0,-0.09000000000000001,0.010000000000000002,0.22382367981975398,0.06909187604330419,0.25,0.5,0.020870601169204337,0.6741952806407644,0.24117052749631648,Metastable,0.6,0.7,,0.09999999999999998,,,,0.9924038765061041,,,1.0,1.9325704207771863,2.1562972985470146,1.9325704207771863,1.1157664814510904,1537.87916511306,3.90454530313198,15.935,30.375,40.42,30.82,16.16,5.86,10.3,15.1,21.96,46.699999999999996,16.52,56.5,8.19371509544085,4.01184006953312,0.959532828640878,,6.02747011184692,,1.83370852776507,0.001845,0.014368794,6,5,,,,,TUNISIA,1991-01-01,1991-12-31,1991,annual
TUN-1992,0.13505749378106993,0.37749999999999995,0.6602393894362757,0.5,0.20134094782760287,0.47000000000000003,0.5,0.0,0.1593275296830141,0.5,0.35,0.75,0.36509275578405465,0.5,0.5,0.5,0.29,0.5,0.5833333333333334,0.1,0.0,-0.09000000000000001,0.010000000000000002,0.24688144710140728,0.0795095423505286,0.25,0.5,0.10474329492944551,0.6904309306280838,0.2387639133676082,Metastable,0.6,0.7,,0.09999999999999998,,,,0.9924038765061041,,,1.0,1.9490999546979244,2.1737983832926426,1.9490999546979244,1.1152831736787672,1784.81850188268,7.80572887722397,15.598,30.073,40.74,31.04,16.02,5.82,10.200000000000001,15.0,21.92,47.0,16.74,54.3,5.82434514637906,3.42920376526506,3.39272296944754,,5.75488996505737,,1.70612587759433,0.00369,0.022425345,6,5,,,,,TUNISIA,1992-01-01,1992-12-31,1992,annual
TUN-1993,0.13508027078008514,0.37749999999999995,0.6767040902089818,0.5,0.20956190971444832,0.47000000000000003,0.5,0.0,0.23525558015163978,0.5,0.35,0.75,0.33566059939127424,0.5,0.5,0.5,0.35466386633867525,0.5,0.6,0.1,0.0,-0.09000000000000001,0.010000000000000002,0.2540009887990569,0.02007405426198973,0.25,0.5,0.05867564113347717,0.687781074474239,0.2278827032748236,Metastable,0.6,0.7,,0.09999999999999998,,,,0.9924038765061041,,,1.0,1.9657024865324109,2.1912890821045554,1.9657024865324109,1.1147613116011719,1649.18537309075,2.18982886145824,15.948,30.691,41.06,31.26,15.88,5.78,10.1,14.899999999999999,21.88,47.3,16.96,53.2,3.9749563191613,3.05531032810378,3.84641742685117,,5.98376989364624,,1.73211395510226,0.005535,0.025275217,6,5,,,,,TUNISIA,1993-01-01,1993-12-31,1993,annual
TUN-1994,0.13510635160895568,0.37749999999999995,0.683045437080821,0.5,0.21271954273593263,0.47000000000000003,0.5,0.0,0.30388180529383174,0.5,0.35,0.75,0.31249436132718567,0.5,0.5,0.5,0.4091060415414938,0.5,0.6166666666666667,0.1,0.0,-0.09000000000000001,0.010000000000000002,0.24475947913522114,0.0,0.25,0.5,0.08730151990280519,0.69133150391897,0.21896355004492848,Metastable,0.6,0.7,,0.09999999999999998,,,,0.9924038765061041,,,1.0,,,,,1733.46614673506,3.17841132209441,16.006,30.879,,,,,,,,,,54.8,4.73323063996595,4.02180300283281,2.763408718958,,6.17646980285645,,1.74212321164965,0.00738,0.029628764,6,5,,,,,TUNISIA,1994-01-01,1994-12-31,1994,annual
TUN-1995,0.1351507414693507,0.2525,0.6846827627917884,0.5,0.15101601066121886,0.3807142857142857,0.5,0.0,0.3982722435967226,0.4285714285714286,0.35,0.75,0.483630831456744,0.5,0.5,0.3928571428571429,0.48066636669567786,0.5,0.6333333333333333,0.1,0.0,-0.09000000000000001,0.010000000000000002,0.23210067490841707,0.0,0.25,0.5,0.16701708878723853,0.7011711462775273,0.26604941662037235,Metastable,0.6,0.7,,0.09999999999999998,,,,0.9924038765061041,,,1.0,1.9991156971221729,2.226232850304467,1.9991156971221729,1.1136088088894707,1968.16600944373,2.35166985086541,16.348,31.755,41.7,31.7,15.6,5.7,9.9,14.7,21.8,47.9,17.4,59.1,6.24415028747146,3.77066354176973,1.5305492758972,10.193625306419266,6.42975997924805,,1.74470758582503,0.0112,0.034269045,6,5,,4.0,,,TUNISIA,1995-01-01,1995-12-31,1995,annual
TUN-1996,0.13537368941514055,0.2774999999999999,0.7625,0.5,0.20231315529242966,0.3985714285714285,0.5,0.0,0.29616421631106543,0.44285714285714284,0.35,0.75,0.403700892825795,0.5,0.5,0.41428571428571426,0.44056217617278426,0.5,0.65,0.1,0.0,-0.09000000000000001,0.010000000000000002,0.2352867247614953,0.0072317825391998184,0.25,0.5,0.21431054195157295,0.7237064335171274,0.2523560591637336,Metastable,0.6,0.7,,0.09999999999999998,,,,0.9924038765061041,,,1.0,1.9922794801203632,2.2196034227033254,1.9922794801203632,1.1141024363555803,2107.40815649257,7.14608096782061,16.061,31.684,41.52,31.68,15.719999999999999,5.76,9.96,14.74,21.76,47.78,16.02,65.3,3.72514472690715,3.75531568691048,1.21680620022798,9.674704373685511,6.2878098487854,,1.86753522903203,0.0276,0.06892493,6,5,,4.1,,,TUNISIA,1996-01-01,1996-12-31,1996,annual
TUN-1997,0.13554236251517465,0.32749999999999996,0.6730742320916647,0.5,0.18251593478824502,0.4342857142857142,0.5,0.0,0.49942693771122637,0.4714285714285714,0.35,0.75,0.3795281004837257,0.5,0.5,0.4571428571428571,0.5510908885158727,0.5,0.6666666666666667,0.1,0.0,-0.09000000000000001,0.010000000000000002,0.24498482383002929,0.017598002925890636,0.25,0.5,0.24645925181056264,0.7434825467585403,0.22624869764954303,Metastable,0.6,0.7,,0.09999999999999998,,,,0.9924038765061041,,,1.0,1.9854443674120343,2.2129657845840027,1.9854443674120343,1.1145947078177443,2202.06090620956,5.44094350107467,15.94,31.869,41.34,31.66,15.84,5.82,10.02,14.78,21.720000000000002,47.66,14.639999999999999,58.9,3.65202620723071,3.29942280495308,1.65189067777703,8.9558525066032,6.67902994155884,,1.72638454432232,0.0437,0.080100875,6,5,,4.3,,,TUNISIA,1997-01-01,1997-12-31,1997,annual
TUN-1998,0.13682738170721342,0.47750000000000004,0.6424022428548968,0.5,0.2415374305738417,0.5414285714285714,0.5,0.0,0.4417431057702962,0.5571428571428572,0.35,0.75,0.3236984619985206,0.5,0.5,0.5857142857142857,0.4934505196054402,0.5,0.6833333333333333,0.1,0.0,-0.09000000000000001,0.010000000000000002,0.2554021077230403,0.021111101273822937,0.25,0.5,0.27463599764176716,0.7607290267333,0.1893525744820912,Metastable,0.6,0.7,,0.09999999999999998,,,,0.9924038765061041,,,1.0,1.9786105734519392,2.2063199142201473,1.9786105734519392,1.115085476557896,2285.01933541864,4.78376247825665,15.473,31.294,41.16,31.64,15.959999999999999,5.88,10.08,14.82,21.68,47.54,13.26,51.8,3.12536579655862,3.29473366226966,2.98459369650589,9.081363407511812,6.47500991821289,,1.67797151546674,0.108,0.402990633,6,5,,4.9,,,TUNISIA,1998-01-01,1998-12-31,1998,annual
TUN-1999,0.15053784190208228,0.4275,0.565175399779597,0.5,0.17106877893875733,0.5057142857142857,0.5,0.0,0.4131560574784484,0.5285714285714286,0.35,0.75,0.2411393120988477,0.5,0.5,0.5428571428571428,0.4358101506950076,0.5,0.7,0.1,0.0,-0.09000000000000001,0.010000000000000002,0.27783137350598414,0.05146568006085864,0.25,0.5,0.3055597915720354,0.7735405824364954,0.194161310316755,Metastable,0.6,0.7,,0.09999999999999998,,,,0.9924038765061041,,,1.0,,,,,2376.06566791596,6.05463447898158,15.21,31.024,,,,,,,,,,51.0,2.6901248581158,3.31792561673733,1.51382652723785,9.23149255212046,6.27098989486694,,1.55607575730874,1.6,0.564544562,6,5,,4.7,,,TUNISIA,1999-01-01,1999-12-31,1999,annual
TUN-2000,0.16227947121135985,0.5525,0.5599982179153613,0.5,0.2251093733520007,0.595,0.5,0.0,0.2949737944950072,0.6000000000000001,0.35,0.75,0.28443707032078325,0.5,0.5,0.65,0.416307635519081,0.5,0.7166666666666667,0.1,0.0,-0.09000000000000001,0.010000000000000002,0.2993563641058148,0.05170452992771034,0.25,0.5,0.2454347866469136,0.7862752583417699,0.17403479699620936,Metastable,0.6,0.7,,0.09999999999999998,,,,0.9924038765061041,,,1.0,1.9649478130402163,2.1930034000441707,1.9649478130402163,1.1160619053037857,2199.04465936314,4.7099729138049,14.94,30.729,40.8,31.6,16.2,6.0,10.2,14.9,21.6,47.3,10.5,51.8,2.96230794738605,3.70667246965086,3.49602747137556,9.206684552243388,6.20196008682251,4.81271935,1.5479040325129,2.75074029298135,1.22033582404798,6,5,,5.2,,,TUNISIA,2000-01-01,2000-12-31,2000,annual
TUN-2001,0.18211251271491907,0.5025,0.5430244727633102,0.5,0.18170598002419555,0.5592857142857142,0.5,0.0,0.31852513038434327,0.5714285714285714,0.35,0.75,0.1970474454029323,0.5,0.5,0.6071428571428571,0.41627651577407304,0.5,0.7333333333333334,0.1,0.0,-0.09000000000000001,0.010000000000000002,0.3260669407161765,0.0641654659780481,0.25,0.5,0.2578914662598557,0.8002606645020434,0.17235803666160393,Metastable,0.6,0.7,,0.09999999999999998,,,,0.9924038765061041,,,1.0,1.9359599602241992,2.162452985265234,1.9359599602241992,1.116992618491348,2235.71981624751,3.79627166202512,14.4,29.889,40.18,31.1,16.48,6.08,10.399999999999999,15.040000000000001,21.700000000000003,46.78,9.58,51.8,1.98333333333337,4.20173772010119,2.04621697501891,9.34023225625582,6.20184993743896,4.86132765,1.52111247336458,4.29796603474685,3.94347251688176,6,5,,5.0,,,TUNISIA,2001-01-01,2001-12-31,2001,annual
TUN-2002,0.19465106455822154,0.4524999999999999,0.5249876412838821,0.5,0.1414182883628302,0.5235714285714285,0.5,0.0,0.2438717239243683,0.5428571428571428,0.35,0.75,0.1961709654011105,0.5,0.5,0.5642857142857142,0.2999363594478743,0.5,0.75,0.1,0.0,-0.09000000000000001,0.010000000000000002,0.35065328875328194,0.08197188257657141,0.25,0.5,0.2867794829483898,0.8102141672789055,0.19528915172252204,Metastable,0.6,0.7,,0.09999999999999998,,,,0.9924038765061041,,,1.0,1.9072112026920467,2.131875918930891,1.9072112026920467,1.1177975024065125,2320.7723805785,1.32255714828946,14.55,30.395,39.56,30.6,16.76,6.16,10.6,15.18,21.8,46.26,8.66,53.5,2.72103284850455,4.62505818398393,3.41507220577273,7.91215251419401,5.79006004333496,5.12036419,1.49264292624339,5.25288729548421,5.75974663829919,6,5,,4.8,,,TUNISIA,2002-01-01,2002-12-31,2002,annual
TUN-2003,0.2349091389885713,0.47750000000000004,0.5194395183139693,0.5,0.131015189662699,0.5414285714285714,0.5,0.0,0.6577365311259089,0.5571428571428572,0.35,0.75,0.18032638626319808,0.5,0.5,0.5857142857142857,0.59,0.5,0.7666666666666666,0.1,0.0,-0.09000000000000001,0.010000000000000002,0.3794979606089397,0.048889274331623316,0.25,0.5,0.42436854508556593,0.8282915843162371,0.15819181508233685,Metastable,0.6,0.7,,0.09999999999999998,,,,0.9924038765061041,,,1.0,1.8787170969065352,2.101282969526429,1.8787170969065352,1.118466943738558,2725.8643148859,4.70239953285241,14.51,30.664,38.94,30.1,17.04,6.24,10.799999999999999,15.32,21.900000000000002,45.74,7.74,61.4,2.71259247474352,4.55401146418396,1.96504647635127,7.048178366673081,6.81675004959106,5.20888519,1.48388570363995,6.49084579532797,19.0389204053524,6,5,,4.9,,,TUNISIA,2003-01-01,2003-12-31,2003,annual
TUN-2004,0.2920581159257546,0.5025,0.4827040848009778,0.5,0.11386889963663377,0.5592857142857142,0.5,0.0,0.6418830908731925,0.5714285714285714,0.35,0.75,0.30941696103787775,0.5,0.5,0.6071428571428571,0.5628890439637129,0.5,0.7833333333333334,0.1,0.0,-0.09000000000000001,0.010000000000000002,0.40843131694695006,0.05140152690531951,0.25,0.5,0.5403773689208119,0.8523799218452273,0.17455221118788178,Metastable,0.6,0.7,,0.09999999999999998,,,,0.9924038765061041,,,1.0,,,,,3067.41936376975,6.23579072222647,14.23,30.533,,,,,,,,,,72.4,3.63228004956625,4.59003431419085,1.89888949723214,7.798899916320135,6.72078990936279,5.19890785,1.42590206296513,8.52881775162591,36.746361434496,6,5,,5.0,,,TUNISIA,2004-01-01,2004-12-31,2004,annual
TUN-2005,0.3431078863060191,0.47750000000000004,0.49898586482508145,0.5,0.06770312443444973,0.5414285714285714,0.5,0.0,0.5160417023193462,0.5571428571428572,0.35,0.75,0.07039242305443712,0.5,0.5,0.5857142857142857,0.48682821092451345,0.5,0.8,0.1,0.0,-0.09000000000000001,0.010000000000000002,0.4312229072886372,0.04681649466945367,0.25,0.5,0.567347777158363,0.8803451374102186,0.1520188995085714,Metastable,0.6,0.7,,0.09999999999999998,,,,0.9924038765061041,,,1.0,1.8225568837051922,2.0400987588827078,1.8225568837051922,1.1193608150848278,3146.8260743927,3.4865455430439,12.872,28.103,37.7,29.1,17.6,6.4,11.2,15.6,22.1,44.7,5.9,80.2,2.01778641357144,4.31539618298049,2.20844919497596,8.676201667024905,6.4515700340271,5.14555788,1.45160141621028,9.655099869,55.3921457734954,6,5,,4.9,,,TUNISIA,2005-01-01,2005-12-31,2005,annual
TUN-2006,0.4070742011371712,0.40249999999999986,0.4956667107575611,0.5,0.004453745189805125,0.4878571428571428,0.5,0.0,0.5094434867270135,0.5142857142857142,0.35,0.75,0.13176019910189934,0.5,0.5,0.5214285714285714,0.483220341266399,0.5,0.8166666666666667,0.1,0.0,-0.09000000000000001,0.010000000000000002,0.48191613199960087,0.1049070587097171,0.25,0.5,0.6270387965356661,0.916048754234031,0.17872771002435933,Metastable,0.6,0.7,,0.09999999999999998,,,,0.9924038765061041,,,1.0,1.8290862142581676,2.0470924555411196,1.8290862142581676,1.119188608816545,3322.56933570096,5.24409983246916,12.51,27.913,37.86,29.14,17.52,6.38,11.139999999999999,15.56,22.1,44.82,5.34,87.5,3.22525337438917,4.39262875850702,9.42473369729129,8.723941181741484,6.43879985809326,5.13109922,1.44636242435988,12.98639965,70.9332705740445,6,5,,4.6,,,TUNISIA,2006-01-01,2006-12-31,2006,annual
TUN-2007,0.4530706790915683,0.30250000000000005,0.3782267807071779,0.5,0.13617194919219516,0.4164285714285715,0.5,0.0,0.6043733446851383,0.4571428571428572,0.35,0.75,0.18897842305256296,0.5,0.5,0.4357142857142857,0.49048686908421835,0.5,0.8333333333333334,0.1,0.0,-0.09000000000000001,0.010000000000000002,0.5427995791281204,0.12412859745296383,0.25,0.5,0.764374976200215,0.9493545009270927,0.20944093369231975,Metastable,0.6,0.7,,0.09999999999999998,,,,0.9924038765061041,,,1.0,1.8356283534219289,2.0540837875486164,1.8356283534219289,1.1190085311765037,3726.91672935667,6.70952097453554,12.365,28.143,38.02,29.18,17.44,6.36,11.08,15.52,22.1,44.94,4.78,110.2,2.96694432477349,4.40894710281036,3.89395159860218,8.667530074501895,6.46451997756958,5.17542839,1.26099385636655,17.1,75.1086269269129,6,5,,4.2,,,TUNISIA,2007-01-01,2007-12-31,2007,annual
TUN-2008-Q1,0.5606834520459851,0.35250000000000004,0.3969994925689741,0.5,0.1555919797385055,0.45214285714285724,0.5,0.0,0.5170124919985518,0.48571428571428577,0.65,0.75,0.3338639342584014,0.5,0.5,0.47857142857142865,0.43597410190571584,0.5,0.8500000000000001,0.1,0.0,-0.09000000000000001,0.010000000000000002,0.6539648095534014,0.25498127053730757,0.25,0.5,0.9437549299124018,0.969514516114317,0.2551964656624743,Metastable,0.6,0.7,,0.09999999999999998,,,,0.9924038765061041,,,1.0,1.8421830758061426,2.061072626291714,1.8421830758061426,1.1188207368530865,4255.05008019523,4.23778147502819,12.444,28.66,38.18,29.220000000000002,17.36,6.34,11.02,15.48,22.1,45.06,4.220000000000001,145.9,4.34502807623045,4.40701942168731,5.79738619600755,8.713884989470477,6.27157020568848,5.1644063,1.29062492574542,27.53,81.5940606878641,7,5,,4.4,,,TUNISIA,2008-01-01,2008-03-31,2008-Q1,quarterly
TUN-2008-Q2,0.5606834520459851,0.35250000000000004,0.3969994925689741,0.5,0.1555919797385055,0.45214285714285724,0.5,0.0,0.5170124919985518,0.48571428571428577,0.65,0.75,0.3338639342584014,0.5,0.5,0.47857142857142865,0.43597410190571584,0.5,0.8500000000000001,0.1,0.0,-0.09000000000000001,0.010000000000000002,0.6539648095534014,0.25498127053730757,0.25,0.5,0.9437549299124018,0.969514516114317,0.2551964656624743,Metastable,0.6,0.7,,0.09999999999999998,,,,0.9924038765061041,,,1.0,1.8421830758061426,2.061072626291714,1.8421830758061426,1.1188207368530865,4255.05008019523,4.23778147502819,12.444,28.66,38.18,29.220000000000002,17.36,6.34,11.02,15.48,22.1,45.06,4.220000000000001,145.9,4.34502807623045,4.40701942168731,5.79738619600755,8.713884989470477,6.27157020568848,5.1644063,1.29062492574542,27.53,81.5940606878641,7,5,,4.4,,,TUNISIA,2008-04-01,2008-06-30,2008-Q2,quarterly
TUN-2008-Q3,0.5606834520459851,0.35250000000000004,0.3969994925689741,0.5,0.1555919797385055,0.45214285714285724,0.5,0.0,0.5170124919985518,0.48571428571428577,0.65,0.75,0.3338639342584014,0.5,0.5,0.47857142857142865,0.43597410190571584,0.5,0.8500000000000001,0.1,0.0,-0.09000000000000001,0.010000000000000002,0.6539648095534014,0.25498127053730757,0.25,0.5,0.9437549299124018,0.969514516114317,0.2551964656624743,Metastable,0.6,0.7,,0.09999999999999998,,,,0.9924038765061041,,,1.0,1.8421830758061426,2.061072626291714,1.8421830758061426,1.1188207368530865,4255.05008019523,4.23778147502819,12.444,28.66,38.18,29.220000000000002,17.36,6.34,11.02,15.48,22.1,45.06,4.220000000000001,145.9,4.34502807623045,4.40701942168731,5.79738619600755,8.713884989470477,6.27157020568848,5.1644063,1.29062492574542,27.53,81.5940606878641,7,5,,4.4,,,TUNISIA,2008-07-01,2008-09-30,2008-Q3,quarterly
TUN-2008-Q4,0.5606834520459851,0.35250000000000004,0.3969994925689741,0.5,0.1555919797385055,0.45214285714285724,0.5,0.0,0.5170124919985518,0.48571428571428577,0.65,0.75,0.3338639342584014,0.5,0.5,0.47857142857142865,0.43597410190571584,0.5,0.8500000000000001,0.1,0.0,-0.09000000000000001,0.010000000000000002,0.6539648095534014,0.25498127053730757,0.25,0.5,0.9437549299124018,0.969514516114317,0.2551964656624743,Metastable,0.6,0.7,,0.09999999999999998,,,,0.9924038765061041,,,1.0,1.8421830758061426,2.061072626291714,1.8421830758061426,1.1188207368530865,4255.05008019523,4.23778147502819,12.444,28.66,38.18,29.220000000000002,17.36,6.34,11.02,15.48,22.1,45.06,4.220000000000001,145.9,4.34502807623045,4.40701942168731,5.79738619600755,8.713884989470477,6.27157020568848,5.1644063,1.29062492574542,27.53,81.5940606878641,7,5,,4.4,,,TUNISIA,2008-10-01,2008-12-31,2008-Q4,quarterly
TUN-2009-Q1,0.6420562532356779,0.30250000000000005,0.39973938790829844,0.5,0.21990843266368973,0.4164285714285715,0.5,0.0,0.6765992265919629,0.4571428571428572,0.65,0.75,0.40598359078253765,0.5,0.5,0.4357142857142857,0.5085570676847734,0.5,0.8666666666666667,0.1,0.0,-0.09000000000000001,0.010000000000000002,0.7373026625359593,0.16387119219865898,0.25,0.5,0.8843300274129455,1.0,0.2701846889917605,Metastable,0.6,0.7,,0.09999999999999998,,,,0.9924038765061041,,,1.0,,,,,4080.09032448781,3.04345012371552,13.29,31.153,,,,,,,,,,109.4,3.66490330642919,4.52066560776586,3.50988118042442,8.10940041447104,6.528480052948,5.40595293,1.2949496088007,34.07,91.9849726040992,7,5,,4.2,,,TUNISIA,2009-01-01,2009-03-31,2009-Q1,quarterly
TUN-2009-Q2,0.6420562532356779,0.30250000000000005,0.39973938790829844,0.5,0.21990843266368973,0.4164285714285715,0.5,0.0,0.6765992265919629,0.4571428571428572,0.65,0.75,0.40598359078253765,0.5,0.5,0.4357142857142857,0.5085570676847734,0.5,0.8666666666666667,0.1,0.0,-0.09000000000000001,0.010000000000000002,0.7373026625359593,0.16387119219865898,0.25,0.5,0.8843300274129455,1.0,0.2701846889917605,Metastable,0.6,0.7,,0.09999999999999998,,,,0.9924038765061041,,,1.0,,,,,4080.09032448781,3.04345012371552,13.29,31.153,,,,,,,,,,109.4,3.66490330642919,4.52066560776586,3.50988118042442,8.10940041447104,6.528480052948,5.40595293,1.2949496088007,34.07,91.9849726040992,7,5,,4.2,,,TUNISIA,2009-04-01,2009-06-30,2009-Q2,quarterly
TUN-2009-Q3,0.6420562532356779,0.30250000000000005,0.39973938790829844,0.5,0.21990843266368973,0.4164285714285715,0.5,0.0,0.6765992265919629,0.4571428571428572,0.65,0.75,0.40598359078253765,0.5,0.5,0.4357142857142857,0.5085570676847734,0.5,0.8666666666666667,0.1,0.0,-0.09000000000000001,0.010000000000000002,0.7373026625359593,0.16387119219865898,0.25,0.5,0.8843300274129455,1.0,0.2701846889917605,Metastable,0.6,0.7,,0.09999999999999998,,,,0.9924038765061041,,,1.0,,,,,4080.09032448781,3.04345012371552,13.29,31.153,,,,,,,,,,109.4,3.66490330642919,4.52066560776586,3.50988118042442,8.10940041447104,6.528480052948,5.40595293,1.2949496088007,34.07,91.9849726040992,7,5,,4.2,,,TUNISIA,2009-07-01,2009-09-30,2009-Q3,quarterly
TUN-2009-Q4,0.6420562532356779,0.30250000000000005,0.39973938790829844,0.5,0.21990843266368973,0.4164285714285715,0.5,0.0,0.6765992265919629,0.4571428571428572,0.65,0.75,0.40598359078253765,0.5,0.5,0.4357142857142857,0.5085570676847734,0.5,0.8666666666666667,0.1,0.0,-0.09000000000000001,0.010000000000000002,0.7373026625359593,0.16387119219865898,0.25,0.5,0.8843300274129455,1.0,0.2701846889917605,Metastable,0.6,0.7,,0.09999999999999998,,,,0.9924038765061041,,,1.0,,,,,4080.09032448781,3.04345012371552,13.29,31.153,,,,,,,,,,109.4,3.66490330642919,4.52066560776586,3.50988118042442,8.10940041447104,6.528480052948,5.40595293,1.2949496088007,34.07,91.9849726040992,7,5,,4.2,,,TUNISIA,2009-10-01,2009-12-31,2009-Q4,quarterly
TUN-2010-01,0.6912107271016787,0.32749999999999996,0.3625,0.5,0.2506053635508394,0.4342857142857142,0.5,0.0,0.5412587467356156,0.4714285714285714,0.65,0.75,0.2999661992716454,0.5,0.5,0.4571428571428571,0.3488156444750997,0.5,0.8833333333333333,0.1,0.0,-0.09000000000000001,0.010000000000000002,0.7913202029249709,0.15485985575646272,0.25,0.5,0.9562577922207481,0.9421250208504681,0.2645419368718083,Metastable,0.6,0.7,,0.09999999999999998,,,,0.9924038765061041,,,1.0,1.8553293757833356,2.0750423296267515,1.8553293757833356,1.118422613640045,4291.86120891575,2.97113275066512,13.049,29.573,38.5,29.3,17.2,6.3,10.9,15.4,22.1,45.3,3.1,128.0,3.33897963601069,4.4654169829179,2.88814231758981,7.524981780905185,5.96306991577148,5.60950756,1.23617052057621,36.8,103.234503500842,7,5,,4.3,,,TUNISIA,2010-01-01,2010-01-31,2010-01,monthly
TUN-2010-02,0.6912107271016787,0.32749999999999996,0.3625,0.5,0.2506053635508394,0.4342857142857142,0.5,0.0,0.5412587467356156,0.4714285714285714,0.65,0.75,0.2999661992716454,0.5,0.5,0.4571428571428571,0.3488156444750997,0.5,0.8833333333333333,0.1,0.0,-0.09000000000000001,0.010000000000000002,0.7913202029249709,0.15485985575646272,0.25,0.5,0.9562577922207481,0.9421250208504681,0.2645419368718083,Metastable,0.6,0.7,,0.09999999999999998,,,,0.9924038765061041,,,1.0,1.8553293757833356,2.0750423296267515,1.8553293757833356,1.118422613640045,4291.86120891575,2.97113275066512,13.049,29.573,38.5,29.3,17.2,6.3,10.9,15.4,22.1,45.3,3.1,128.0,3.33897963601069,4.4654169829179,2.88814231758981,7.524981780905185,5.96306991577148,5.60950756,1.23617052057621,36.8,103.234503500842,7,5,,4.3,,,TUNISIA,2010-02-01,2010-02-28,2010-02,monthly
TUN-2010-03,0.6912107271016787,0.32749999999999996,0.3625,0.5,0.2506053635508394,0.4342857142857142,0.5,0.0,0.5412587467356156,0.4714285714285714,0.65,0.75,0.2999661992716454,0.5,0.5,0.4571428571428571,0.3488156444750997,0.5,0.8833333333333333,0.1,0.0,-0.09000000000000001,0.010000000000000002,0.7913202029249709,0.15485985575646272,0.25,0.5,0.9562577922207481,0.9421250208504681,0.2645419368718083,Metastable,0.6,0.7,,0.09999999999999998,,,,0.9924038765061041,,,1.0,1.8553293757833356,2.0750423296267515,1.8553293757833356,1.118422613640045,4291.86120891575,2.97113275066512,13.049,29.573,38.5,29.3,17.2,6.3,10.9,15.4,22.1,45.3,3.1,128.0,3.33897963601069,4.4654169829179,2.88814231758981,7.524981780905185,5.96306991577148,5.60950756,1.23617052057621,36.8,103.234503500842,7,5,,4.3,,,TUNISIA,2010-03-01,2010-03-31,2010-03,monthly
TUN-2010-04,0.6912107271016787,0.32749999999999996,0.3625,0.5,0.2506053635508394,0.4342857142857142,0.5,0.0,0.5412587467356156,0.4714285714285714,0.65,0.75,0.2999661992716454,0.5,0.5,0.4571428571428571,0.3488156444750997,0.5,0.8833333333333333,0.1,0.0,-0.09000000000000001,0.010000000000000002,0.7913202029249709,0.15485985575646272,0.25,0.5,0.9562577922207481,0.9421250208504681,0.2645419368718083,Metastable,0.6,0.7,,0.09999999999999998,,,,0.9924038765061041,,,1.0,1.8553293757833356,2.0750423296267515,1.8553293757833356,1.118422613640045,4291.86120891575,2.97113275066512,13.049,29.573,38.5,29.3,17.2,6.3,10.9,15.4,22.1,45.3,3.1,128.0,3.33897963601069,4.4654169829179,2.88814231758981,7.524981780905185,5.96306991577148,5.60950756,1.23617052057621,36.8,103.234503500842,7,5,,4.3,,,TUNISIA,2010-04-01,2010-04-30,2010-04,monthly
TUN-2010-05,0.6912107271016787,0.32749999999999996,0.3625,0.5,0.2506053635508394,0.4342857142857142,0.5,0.0,0.5412587467356156,0.4714285714285714,0.65,0.75,0.2999661992716454,0.5,0.5,0.4571428571428571,0.3488156444750997,0.5,0.8833333333333333,0.1,0.0,-0.09000000000000001,0.010000000000000002,0.7913202029249709,0.15485985575646272,0.25,0.5,0.9562577922207481,0.9421250208504681,0.2645419368718083,Metastable,0.6,0.7,,0.09999999999999998,,,,0.9924038765061041,,,1.0,1.8553293757833356,2.0750423296267515,1.8553293757833356,1.118422613640045,4291.86120891575,2.97113275066512,13.049,29.573,38.5,29.3,17.2,6.3,10.9,15.4,22.1,45.3,3.1,128.0,3.33897963601069,4.4654169829179,2.88814231758981,7.524981780905185,5.96306991577148,5.60950756,1.23617052057621,36.8,103.234503500842,7,5,,4.3,,,TUNISIA,2010-05-01,2010-05-31,2010-05,monthly
TUN-2010-06,0.6912107271016787,0.32749999999999996,0.3625,0.5,0.2506053635508394,0.4342857142857142,0.5,0.0,0.5412587467356156,0.4714285714285714,0.65,0.75,0.2999661992716454,0.5,0.5,0.4571428571428571,0.3488156444750997,0.5,0.8833333333333333,0.1,0.0,-0.09000000000000001,0.010000000000000002,0.7913202029249709,0.15485985575646272,0.25,0.5,0.9562577922207481,0.9421250208504681,0.2645419368718083,Metastable,0.6,0.7,,0.09999999999999998,,,,0.9924038765061041,,,1.0,1.8553293757833356,2.0750423296267515,1.8553293757833356,1.118422613640045,4291.86120891575,2.97113275066512,13.049,29.573,38.5,29.3,17.2,6.3,10.9,15.4,22.1,45.3,3.1,128.0,3.33897963601069,4.4654169829179,2.88814231758981,7.524981780905185,5.96306991577148,5.60950756,1.23617052057621,36.8,103.234503500842,7,5,,4.3,,,TUNISIA,2010-06-01,2010-06-30,2010-06,monthly
TUN-2010-07,0.6912107271016787,0.32749999999999996,0.3625,0.5,0.2506053635508394,0.4342857142857142,0.5,0.0,0.5412587467356156,0.4714285714285714,0.65,0.75,0.2999661992716454,0.5,0.5,0.4571428571428571,0.3488156444750997,0.5,0.8833333333333333,0.1,0.0,-0.09000000000000001,0.010000000000000002,0.7913202029249709,0.15485985575646272,0.25,0.5,0.9562577922207481,0.9421250208504681,0.2645419368718083,Metastable,0.6,0.7,,0.09999999999999998,,,,0.9924038765061041,,,1.0,1.8553293757833356,2.0750423296267515,1.8553293757833356,1.118422613640045,4291.86120891575,2.97113275066512,13.049,29.573,38.5,29.3,17.2,6.3,10.9,15.4,22.1,45.3,3.1,128.0,3.33897963601069,4.4654169829179,2.88814231758981,7.524981780905185,5.96306991577148,5.60950756,1.23617052057621,36.8,103.234503500842,7,5,,4.3,,,TUNISIA,2010-07-01,2010-07-31,2010-07,monthly
TUN-2010-08,0.6912107271016787,0.32749999999999996,0.3625,0.5,0.2506053635508394,0.4342857142857142,0.5,0.0,0.5412587467356156,0.4714285714285714,0.65,0.75,0.2999661992716454,0.5,0.5,0.4571428571428571,0.3488156444750997,0.5,0.8833333333333333,0.1,0.0,-0.09000000000000001,0.010000000000000002,0.7913202029249709,0.15485985575646272,0.25,0.5,0.9562577922207481,0.9421250208504681,0.2645419368718083,Metastable,0.6,0.7,,0.09999999999999998,,,,0.9924038765061041,,,1.0,1.8553293757833356,2.0750423296267515,1.8553293757833356,1.118422613640045,4291.86120891575,2.97113275066512,13.049,29.573,38.5,29.3,17.2,6.3,10.9,15.4,22.1,45.3,3.1,128.0,3.33897963601069,4.4654169829179,2.88814231758981,7.524981780905185,5.96306991577148,5.60950756,1.23617052057621,36.8,103.234503500842,7,5,,4.3,,,TUNISIA,2010-08-01,2010-08-31,2010-08,monthly
TUN-2010-09,0.6912107271016787,0.32749999999999996,0.3625,0.5,0.2506053635508394,0.4342857142857142,0.5,0.0,0.5412587467356156,0.4714285714285714,0.65,0.75,0.2999661992716454,0.5,0.5,0.4571428571428571,0.3488156444750997,0.5,0.8833333333333333,0.1,0.0,-0.09000000000000001,0.010000000000000002,0.7913202029249709,0.15485985575646272,0.25,0.5,0.9562577922207481,0.9421250208504681,0.2645419368718083,Metastable,0.6,0.7,,0.09999999999999998,,,,0.9924038765061041,,,1.0,1.8553293757833356,2.0750423296267515,1.8553293757833356,1.118422613640045,4291.86120891575,2.97113275066512,13.049,29.573,38.5,29.3,17.2,6.3,10.9,15.4,22.1,45.3,3.1,128.0,3.33897963601069,4.4654169829179,2.88814231758981,7.524981780905185,5.96306991577148,5.60950756,1.23617052057621,36.8,103.234503500842,7,5,,4.3,,,TUNISIA,2010-09-01,2010-09-30,2010-09,monthly
TUN-2010-10,0.6912107271016787,0.32749999999999996,0.3625,0.5,0.2506053635508394,0.4342857142857142,0.5,0.0,0.5412587467356156,0.4714285714285714,0.65,0.75,0.2999661992716454,0.5,0.5,0.4571428571428571,0.3488156444750997,0.5,0.8833333333333333,0.1,0.0,-0.09000000000000001,0.010000000000000002,0.7913202029249709,0.15485985575646272,0.25,0.5,0.9562577922207481,0.9421250208504681,0.2645419368718083,Metastable,0.6,0.7,,0.09999999999999998,,,,0.9924038765061041,,,1.0,1.8553293757833356,2.0750423296267515,1.8553293757833356,1.118422613640045,4291.86120891575,2.97113275066512,13.049,29.573,38.5,29.3,17.2,6.3,10.9,15.4,22.1,45.3,3.1,128.0,3.33897963601069,4.4654169829179,2.88814231758981,7.524981780905185,5.96306991577148,5.60950756,1.23617052057621,36.8,103.234503500842,7,5,,4.3,,,TUNISIA,2010-10-01,2010-10-31,2010-10,monthly
TUN-2010-11,0.6912107271016787,0.32749999999999996,0.3625,0.5,0.2506053635508394,0.4342857142857142,0.5,0.0,0.5412587467356156,0.4714285714285714,0.65,0.75,0.2999661992716454,0.5,0.5,0.4571428571428571,0.3488156444750997,0.5,0.8833333333333333,0.1,0.0,-0.09000000000000001,0.010000000000000002,0.7913202029249709,0.15485985575646272,0.25,0.5,0.9562577922207481,0.9421250208504681,0.2645419368718083,Metastable,0.6,0.7,,0.09999999999999998,,,,0.9924038765061041,,,1.0,1.8553293757833356,2.0750423296267515,1.8553293757833356,1.118422613640045,4291.86120891575,2.97113275066512,13.049,29.573,38.5,29.3,17.2,6.3,10.9,15.4,22.1,45.3,3.1,128.0,3.33897963601069,4.4654169829179,2.88814231758981,7.524981780905185,5.96306991577148,5.60950756,1.23617052057621,36.8,103.234503500842,7,5,,4.3,,,TUNISIA,2010-11-01,2010-11-30,2010-11,monthly
TUN-2010-W49,0.6912107271016787,0.32749999999999996,0.3625,0.5,0.2506053635508394,0.4342857142857142,0.5,0.0,0.5412587467356156,0.4714285714285714,0.65,0.75,0.2999661992716454,0.5,0.5,0.4571428571428571,0.3488156444750997,0.5,0.8833333333333333,0.1,0.0,-0.09000000000000001,0.010000000000000002,0.7913202029249709,0.15485985575646272,0.25,0.5,0.9562577922207481,0.9421250208504681,0.2645419368718083,Metastable,0.6,0.7,,0.09999999999999998,,,,0.9924038765061041,,,1.0,1.8553293757833356,2.0750423296267515,1.8553293757833356,1.118422613640045,4291.86120891575,2.97113275066512,13.049,29.573,38.5,29.3,17.2,6.3,10.9,15.4,22.1,45.3,3.1,128.0,3.33897963601069,4.4654169829179,2.88814231758981,7.524981780905185,5.96306991577148,5.60950756,1.23617052057621,36.8,103.234503500842,7,5,,4.3,,,TUNISIA,2010-12-01,2010-12-16,2010-W49,weekly
TUN-2010-W50,0.6912107271016787,0.32749999999999996,0.3625,0.5,0.2506053635508394,0.4342857142857142,0.5,0.0,0.5412587467356156,0.4714285714285714,0.65,0.75,0.2999661992716454,0.5,0.5,0.4571428571428571,0.3488156444750997,0.5,0.8833333333333333,0.1,0.0,-0.09000000000000001,0.010000000000000002,0.7913202029249709,0.15485985575646272,0.25,0.5,0.9562577922207481,0.9421250208504681,0.2645419368718083,Metastable,0.6,0.7,,0.09999999999999998,,,,0.9924038765061041,,,1.0,1.8553293757833356,2.0750423296267515,1.8553293757833356,1.118422613640045,4291.86120891575,2.97113275066512,13.049,29.573,38.5,29.3,17.2,6.3,10.9,15.4,22.1,45.3,3.1,128.0,3.33897963601069,4.4654169829179,2.88814231758981,7.524981780905185,5.96306991577148,5.60950756,1.23617052057621,36.8,103.234503500842,7,5,,4.3,,,TUNISIA,2010-12-17,2010-12-23,2010-W50,weekly
TUN-2010-W51,0.6912107271016787,0.32749999999999996,0.3625,0.5,0.2506053635508394,0.4342857142857142,0.5,0.0,0.5412587467356156,0.4714285714285714,0.65,0.75,0.2999661992716454,0.5,0.5,0.4571428571428571,0.3488156444750997,0.5,0.8833333333333333,0.1,0.0,-0.09000000000000001,0.010000000000000002,0.7913202029249709,0.15485985575646272,0.25,0.5,0.9562577922207481,0.9421250208504681,0.2645419368718083,Metastable,0.6,0.7,,0.09999999999999998,,,,0.9924038765061041,,,1.0,1.8553293757833356,2.0750423296267515,1.8553293757833356,1.118422613640045,4291.86120891575,2.97113275066512,13.049,29.573,38.5,29.3,17.2,6.3,10.9,15.4,22.1,45.3,3.1,128.0,3.33897963601069,4.4654169829179,2.88814231758981,7.524981780905185,5.96306991577148,5.60950756,1.23617052057621,36.8,103.234503500842,7,5,,4.3,,,TUNISIA,2010-12-24,2010-12-30,2010-W51,weekly
TUN-2010-W52,0.6912107271016787,0.32749999999999996,0.3625,0.5,0.2506053635508394,0.4342857142857142,0.5,0.0,0.5412587467356156,0.4714285714285714,0.65,0.75,0.2999661992716454,0.5,0.5,0.4571428571428571,0.3488156444750997,0.5,0.8833333333333333,0.1,0.0,-0.09000000000000001,0.010000000000000002,0.7913202029249709,0.15485985575646272,0.25,0.5,0.9562577922207481,0.9421250208504681,0.2645419368718083,Metastable,0.6,0.7,,0.09999999999999998,,,,0.9924038765061041,,,1.0,1.8553293757833356,2.0750423296267515,1.8553293757833356,1.118422613640045,4291.86120891575,2.97113275066512,13.049,29.573,38.5,29.3,17.2,6.3,10.9,15.4,22.1,45.3,3.1,128.0,3.33897963601069,4.4654169829179,2.88814231758981,7.524981780905185,5.96306991577148,5.60950756,1.23617052057621,36.8,103.234503500842,7,5,,4.3,,,TUNISIA,2010-12-31,2011-01-06,2010-W52,weekly
TUN-2011-W01,0.7349999999999999,0.20249999999999999,0.5209423564404725,0.5,0.2767211782202362,0.34500000000000003,0.5,0.0,0.6956056630989925,0.4,0.65,0.75,0.7454707837585649,0.5,0.5,0.35,0.43597410190571584,0.5,0.9,0.1,0.0,-0.09000000000000001,0.010000000000000002,0.838004230162541,0.10707981743297697,0.25,0.5,1.0,0.9862998818791715,0.3512232073732131,Metastable,0.6,0.7,,0.09999999999999998,,,,0.9924038765061041,,,1.0,,,,,4420.64772206537,-2.04663389535644,18.334,42.639,,,,,,,,,,162.6,3.24002842009531,4.16533721221503,0.899077534980039,5.255247754888762,,6.12299299,1.48625780102894,39.1,113.794012236779,7,5,,3.8,,,TUNISIA,2011-01-07,2011-01-13,2011-W01,weekly
TUN-2011-W02,0.7349999999999999,0.20249999999999999,0.5209423564404725,0.5,0.2767211782202362,0.34500000000000003,0.5,0.0,0.6956056630989925,0.4,0.65,0.75,0.7454707837585649,0.5,0.5,0.35,0.43597410190571584,0.5,0.9,0.1,0.0,-0.09000000000000001,0.010000000000000002,0.838004230162541,0.10707981743297697,0.25,0.5,1.0,0.9862998818791715,0.3512232073732131,Metastable,0.6,0.7,,0.09999999999999998,,,,0.9924038765061041,,,1.0,,,,,4420.64772206537,-2.04663389535644,18.334,42.639,,,,,,,,,,162.6,3.24002842009531,4.16533721221503,0.899077534980039,5.255247754888762,,6.12299299,1.48625780102894,39.1,113.794012236779,7,5,,3.8,,,TUNISIA,2011-01-14,2011-01-14,2011-W02,daily
