obs_id,CODA_C_conn,CODA_O_ord,CODA_D_dom,CODA_A_aut,CODA_imbalance,C_cohesion,T_tension,Theta_social_temp,E_m_maintenance,L_legitimacy,R_repression,P_centralization,E_economic_stress,Psi_div,Psi_coherence,Q_coupling,K_absorption,D_dissipation,H_inertia,Theta_elite,Theta_majority,TG_hazard,S_entropy,CS_config_space,EH_proximity,OA_mismatch,delta_tau,x1_E_prime_proxy,x1_E_double_prime_proxy,MDI_star,Omega_latent_inst,sigma_structural,sigma_valve,Omega_acc,dT_tension,regime_phase,x2_sol_position,x3_sol_position,x2_pop_centroid,x3_pop_centroid,alpha_degrees,T_prime_system,T_double_prime_system,T_prime_inner_orbit,T_prime_outer_orbit,T_prime_interior_region,PI_n_x1,PI_w_x1,PI_z_x1,PIw_PIn_ratio,PIz_PIw_ratio,gdp_pc_usd,gdp_growth_rate,unemployment_rate,youth_unemployment_rate,gini_coefficient,top_10pct_income_share,bottom_40pct_income_share,income_share_q1,income_share_q2,income_share_q3,income_share_q4,income_share_q5,poverty_headcount_pct,food_price_index,inflation_cpi,remittances_pct_gdp,fdi_net_pct_gdp,tourism_revenue_pct_gdp,govt_education_spending_pct_gdp,govt_health_spending_pct_gdp,military_police_spending_pct_gdp,internet_penetration_pct,mobile_penetration_pct,freedom_house_political_rights,freedom_house_civil_liberties,polity2,corruption_cpi_score,protest_events_count,repression_events_count,mepv_civviol,mepv_civwar,mepv_regciv,mepv_actotal,case_id,date_start,date_end,period_label,resolution
TUN-1990,0.0,0.36500000000000005,0.5899871803014151,0.3,0.32749359015070756,0.44000000000000006,0.32406559826157805,0.36536089114609144,0.14130707106072807,0.5,0.1,0.8,0.3679666801399247,0.41203279913078905,0.587967200869211,0.587967200869211,0.3286555598735882,0.325,,,,,0.36536089114609144,0.19846625744955526,0.0,0.2187442788265652,0.5482258976612726,0.0,0.0,0.15175240542518217,0.055009821703694284,0.3667321446912952,0.15,0.0,0.0,Stable,0.6,0.7,-0.11999999999999998,0.09999999999999998,90.79572355273928,0.4930562252546212,0.5069437747453788,0.9829629131445341,0.32248140608960224,0.20755143144616714,1.0,1.9161166501160758,2.13878758806367,1.9161166501160758,1.116209489612287,1476.43160477311,7.94981943665461,,,40.1,30.6,16.3,5.9,10.4,15.2,22.0,46.4,16.3,57.7,6.54529307282414,4.48346758219995,0.629908672190098,,5.79086017608643,,1.83945658886675,0.0,0.011291437,6,5,-6.0,,0,0,0.0,0.0,23.0,0.0,TUNISIA,1990-01-01,1990-12-31,1990,annual
TUN-1991,3.9130383664785766e-05,0.36500000000000005,0.5858902970560999,0.3,0.32542558333621757,0.44000000000000006,0.3472342795056362,0.4213940231487703,0.26386131955705217,0.5,0.1,0.8,0.43247697486755676,0.4236171397528181,0.5763828602471819,0.5763828602471819,0.3797283002140148,0.325,,,,,0.4213940231487703,0.22382367981975398,0.49649621698734364,0.23438313866630445,0.5217190810233346,0.020870601169204337,0.6741952806407644,0.16443071403570472,0.05679667287353601,0.3786444858235734,0.15,0.04996798412332862,0.02316868124405813,Stable,0.6,0.7,-0.11999999999999998,0.09999999999999998,90.79572355273928,0.4930562252546212,0.5069437747453788,0.9829629131445341,0.32248140608960224,0.20755143144616714,1.0,1.9325704207771863,2.1562972985470146,1.9325704207771863,1.1157664814510904,1537.87916511306,3.90454530313198,15.935,30.375,40.42,30.82,16.16,5.86,10.3,15.1,21.96,46.699999999999996,16.52,56.5,8.19371509544085,4.01184006953312,0.959532828640878,,6.02747011184692,,1.83370852776507,0.001845,0.014368794,6,5,-6.0,,0,0,0.0,0.0,28.0,0.0,TUNISIA,1991-01-01,1991-12-31,1991,annual
TUN-1992,9.576498577329033e-05,0.36500000000000005,0.49495681311581013,0.3,0.27993052406501845,0.44000000000000006,0.3700057041966589,0.39529136215645877,0.12267597610373965,0.5,0.1,0.8,0.36509275578405465,0.43500285209832945,0.5649971479016705,0.5649971479016705,0.3109988591606682,0.325,,,,,0.39529136215645877,0.24688144710140728,3.0,0.24975385033274478,0.5159106913259318,0.10474329492944551,0.6904309306280838,0.169166023920372,0.057316707909806384,0.3821113860653759,0.15,0.09297604708474722,0.022771424691022724,Stable,0.6,0.7,-0.11999999999999998,0.09999999999999998,90.79572355273928,0.4930562252546212,0.5069437747453788,0.9829629131445341,0.32248140608960224,0.20755143144616714,1.0,1.9490999546979244,2.1737983832926426,1.9490999546979244,1.1152831736787672,1784.81850188268,7.80572887722397,15.598,30.073,40.74,31.04,16.02,5.82,10.200000000000001,15.0,21.92,47.0,16.74,54.3,5.82434514637906,3.42920376526506,3.39272296944754,,5.75488996505737,,1.70612587759433,0.00369,0.022425345,6,5,-6.0,,0,0,0.0,0.0,23.0,0.0,TUNISIA,1992-01-01,1992-12-31,1992,annual
TUN-1993,0.00013409565222828886,0.4325,0.4834796014851046,0.3,0.30792275291643817,0.47000000000000003,0.4208906695640363,0.4139073145375443,0.24122639772464435,0.5,0.1,0.65,0.33566059939127424,0.46044533478201816,0.5395546652179819,0.5395546652179818,0.39970842136942214,0.325,,,,,0.4139073145375443,0.2540009887990569,0.08025675609688758,0.2841012019557245,0.482265746438386,0.05867564113347717,0.687781074474239,0.17068998211916162,0.06383001917433172,0.42553346116221147,0.15,0.13623710691724739,0.05088496536737741,Metastable,0.6,0.7,-0.075,0.09999999999999998,77.47119229084849,0.6084652289093281,0.39153477109067186,0.9829629131445341,0.4349861560995607,0.3088905663991917,1.0,1.9657024865324109,2.1912890821045554,1.9657024865324109,1.1147613116011719,1649.18537309075,2.18982886145824,15.948,30.691,41.06,31.26,15.88,5.78,10.1,14.899999999999999,21.88,47.3,16.96,53.2,3.9749563191613,3.05531032810378,3.84641742685117,,5.98376989364624,,1.73211395510226,0.005535,0.025275217,6,5,-3.0,,0,0,0.0,0.0,23.0,0.0,TUNISIA,1993-01-01,1993-12-31,1993,annual
TUN-1994,0.00017771244645182962,0.4325,0.4906136167159237,0.3,0.31146795213473594,0.47000000000000003,0.33863561048485646,0.22881730337928763,0.34103705226314507,0.5,0.1,0.65,0.31249436132718567,0.41931780524242823,0.5806821947575718,0.5806821947575718,0.4615279125209402,0.325,,,,,0.22881730337928763,0.24475947913522114,0.0,0.22857903707727814,0.4795241307509843,0.08730151990280519,0.69133150391897,0.13224382661668352,0.05469673064244954,0.3646448709496636,0.15,0.16360803672219976,-0.08225505907917985,Stable,0.6,0.7,-0.075,0.09999999999999998,77.47119229084849,0.6084652289093281,0.39153477109067186,0.9829629131445341,0.4349861560995607,0.3088905663991917,1.0,,,,,1733.46614673506,3.17841132209441,16.006,30.879,,,,,,,,,,54.8,4.73323063996595,4.02180300283281,2.763408718958,,6.17646980285645,,1.74212321164965,0.00738,0.029628764,6,5,-3.0,,0,0,0.0,0.0,23.0,0.0,TUNISIA,1994-01-01,1994-12-31,1994,annual
TUN-1995,0.000252644151472643,0.23607142857142865,0.4924556081407619,0.3,0.21413719628035896,0.30928571428571433,0.5174045905201684,0.46620962337669347,0.4722309817124825,0.3571428571428572,0.1,0.65,0.483630831456744,0.5087022952600841,0.49129770473991585,0.38415484759705865,0.4854077208090312,0.325,,,,,0.46620962337669347,0.23210067490841707,0.0,0.3492480986011137,0.39158690713779476,0.16701708878723853,0.7011711462775273,0.2573811736053817,0.07532610842571924,0.5021740561714616,0.15,0.2081073199055548,0.17876898003531194,Metastable,0.6,0.7,-0.075,0.09999999999999998,77.47119229084849,0.6084652289093281,0.39153477109067186,0.9829629131445341,0.4349861560995607,0.3088905663991917,1.0,1.9991156971221729,2.226232850304467,1.9991156971221729,1.1136088088894707,1968.16600944373,2.35166985086541,16.348,31.755,41.7,31.7,15.6,5.7,9.9,14.7,21.8,47.9,17.4,59.1,6.24415028747146,3.77066354176973,1.5305492758972,10.193625306419266,6.42975997924805,,1.74470758582503,0.0112,0.034269045,6,5,-3.0,4.0,0,0,0.0,0.0,18.0,0.0,TUNISIA,1995-01-01,1995-12-31,1995,annual
TUN-1996,0.0006261383583425133,0.27535714285714274,0.5800000000000001,0.3,0.27736550224940015,0.34142857142857136,0.49723495857666716,0.4585189399028835,0.39870663242051085,0.3857142857142856,0.1,0.65,0.403700892825795,0.49861747928833355,0.5013825207116664,0.4156682349973807,0.4560214884286535,0.325,,,,,0.4585189399028835,0.2352867247614953,3.0,0.33563359703925033,0.4859691345248102,0.21431054195157295,0.7237064335171274,0.23341379201140883,0.0739690890357874,0.4931272602385827,0.15,0.24453491908794467,-0.020169631943501243,Metastable,0.6,0.7,-0.075,0.09999999999999998,77.47119229084849,0.6084652289093281,0.39153477109067186,0.9829629131445341,0.4349861560995607,0.3088905663991917,1.0,1.9922794801203632,2.2196034227033254,1.9922794801203632,1.1141024363555803,2107.40815649257,7.14608096782061,16.061,31.684,41.52,31.68,15.719999999999999,5.76,9.96,14.74,21.76,47.78,16.02,65.3,3.72514472690715,3.75531568691048,1.21680620022798,9.674704373685511,6.2878098487854,,1.86753522903203,0.0276,0.06892493,6,5,-3.0,4.1,0,0,0.0,0.0,17.0,0.0,TUNISIA,1996-01-01,1996-12-31,1996,annual
TUN-1997,0.0009124859066323957,0.35392857142857137,0.47939601110312274,0.3,0.26620604831253086,0.40571428571428564,0.4848882249083255,0.40975542853873675,0.6013426050495064,0.44285714285714284,0.1,0.65,0.3795281004837257,0.49244411245416275,0.5075558875458372,0.4646987446886943,0.5505980954482288,0.325,,,,,0.40975542853873675,0.24498482383002929,0.10254226044001243,0.32729955181311976,0.4945773486261154,0.24645925181056264,0.7434825467585403,0.2002945699599356,0.07049519712459677,0.46996798083064517,0.15,0.2719226720980073,-0.012346733668341658,Metastable,0.6,0.7,-0.075,0.09999999999999998,77.47119229084849,0.6084652289093281,0.39153477109067186,0.9829629131445341,0.4349861560995607,0.3088905663991917,1.0,1.9854443674120343,2.2129657845840027,1.9854443674120343,1.1145947078177443,2202.06090620956,5.44094350107467,15.94,31.869,41.34,31.66,15.84,5.82,10.02,14.78,21.720000000000002,47.66,14.639999999999999,58.9,3.65202620723071,3.29942280495308,1.65189067777703,8.9558525066032,6.67902994155884,,1.72638454432232,0.0437,0.080100875,6,5,-3.0,4.3,0,0,0.0,0.0,17.0,0.0,TUNISIA,1997-01-01,1997-12-31,1997,annual
TUN-1998,0.0030342966650452946,0.5896428571428572,0.4448900232117589,0.3015151515151515,0.3649917160872097,0.5985714285714286,0.44988544380378487,0.3378811810595008,0.49566859538038,0.6142857142857143,0.1,0.65,0.3236984619985206,0.47494272190189246,0.5250572780981075,0.6107715638123933,0.5095650109104432,0.3263257575757576,,,,,0.3378811810595008,0.2554021077230403,3.0,0.3030762355322088,0.4866431570669131,0.27463599764176716,0.7607290267333,0.13662960211148706,0.06379614873022811,0.4253076582015207,0.15,0.2881825077811658,-0.03500278110454064,Metastable,0.6,0.7,-0.075,0.09999999999999998,77.47119229084849,0.6084652289093281,0.39153477109067186,0.9829629131445341,0.4349861560995607,0.3088905663991917,1.0,1.9786105734519392,2.2063199142201473,1.9786105734519392,1.115085476557896,2285.01933541864,4.78376247825665,15.473,31.294,41.16,31.64,15.959999999999999,5.88,10.08,14.82,21.68,47.54,13.26,51.8,3.12536579655862,3.29473366226966,2.98459369650589,9.081363407511812,6.47500991821289,,1.67797151546674,0.108,0.402990633,6,5,-3.0,4.9,2,0,0.0,0.0,16.0,0.0,TUNISIA,1998-01-01,1998-12-31,1998,annual
TUN-1999,0.026497375687832926,0.5110714285714286,0.3580098247520467,0.30227272727272725,0.27015557518145755,0.5342857142857143,0.34391882168829374,0.166820237895795,0.38999458571125367,0.5571428571428572,0.1,0.65,0.2411393120988477,0.4219594108441469,0.5780405891558531,0.6208977320129959,0.4827246945748476,0.3269886363636364,,,,,0.166820237895795,0.27783137350598414,3.0,0.23146127516464995,0.46257348293582595,0.3055597915720354,0.7735405824364954,0.1055557292339595,0.050992142987888935,0.3399476199192596,0.15,0.28879935430079384,-0.10596662211549113,Stable,0.6,0.7,-0.075,0.09999999999999998,77.47119229084849,0.6084652289093281,0.39153477109067186,0.9829629131445341,0.4349861560995607,0.3088905663991917,1.0,,,,,2376.06566791596,6.05463447898158,15.21,31.024,,,,,,,,,,51.0,2.6901248581158,3.31792561673733,1.51382652723785,9.23149255212046,6.27098989486694,,1.55607575730874,1.6,0.564544562,6,5,-3.0,4.7,3,0,0.0,0.0,17.0,0.0,TUNISIA,1999-01-01,1999-12-31,1999,annual
TUN-2000,0.04646121050388559,0.7075,0.3521854951547814,0.3037878787878788,0.3547182029315085,0.695,0.39747233557220935,0.27490390189877956,0.23156399845164852,0.7,0.1,0.65,0.28443707032078325,0.4487361677861047,0.5512638322138953,0.7012638322138952,0.45576189581812565,0.32831439393939393,,,,,0.27490390189877956,0.2993563641058148,3.0,0.266976446611144,0.4858772779281465,0.2454347866469136,0.7862752583417699,0.0942046884165782,0.0578821161006378,0.385880774004252,0.15,0.2962825957509037,0.053553513883915604,Metastable,0.6,0.7,-0.075,0.09999999999999998,77.47119229084849,0.6084652289093281,0.39153477109067186,0.9829629131445341,0.4349861560995607,0.3088905663991917,1.0,1.9649478130402163,2.1930034000441707,1.9649478130402163,1.1160619053037857,2199.04465936314,4.7099729138049,14.94,30.729,40.8,31.6,16.2,6.0,10.2,14.9,21.6,47.3,10.5,51.8,2.96230794738605,3.70667246965086,3.49602747137556,9.206684552243388,6.20196008682251,4.81271935,1.5479040325129,2.75074029298135,1.22033582404798,6,5,-3.0,5.2,5,0,0.0,0.0,16.0,0.0,TUNISIA,2000-01-01,2000-12-31,2000,annual
TUN-2001,0.07977691654310004,0.6289285714285714,0.35253447630316853,0.3,0.30084306559431995,0.6307142857142857,0.3083829960613877,0.23266559401301734,0.24820096608063397,0.6428571428571428,0.12777777777777777,0.65,0.1970474454029323,0.4041914980306939,0.5958085019693061,0.7029513591121632,0.47355383059945,0.325,,,,,0.23266559401301734,0.3260669407161765,1.501274422296049,0.2081585223414367,0.48177655731576446,0.2578914662598557,0.8002606645020434,0.06662784586404405,0.056056590116813486,0.3153183194070759,0.17777777777777776,0.3010464170771712,-0.08908933951082165,Stable,0.6,0.7,-0.075,0.09999999999999998,77.47119229084849,0.6084652289093281,0.39153477109067186,0.9829629131445341,0.4349861560995607,0.3088905663991917,1.0,1.9359599602241992,2.162452985265234,1.9359599602241992,1.116992618491348,2235.71981624751,3.79627166202512,14.4,29.889,40.18,31.1,16.48,6.08,10.399999999999999,15.040000000000001,21.700000000000003,46.78,9.58,51.8,1.98333333333337,4.20173772010119,2.04621697501891,9.34023225625582,6.20184993743896,4.86132765,1.52111247336458,4.29796603474685,3.94347251688176,6,5,-3.0,5.0,0,3,0.0,0.0,15.0,0.0,TUNISIA,2001-01-01,2001-12-31,2001,annual
TUN-2002,0.10081550103789537,0.5278571428571428,0.32279859644436726,0.3015151515151515,0.22416254337423158,0.5564285714285713,0.26241362525156486,0.23774116320181776,0.12387411386872094,0.5857142857142856,0.1,0.7,0.1961709654011105,0.38120681262578243,0.6187931873742176,0.6830789016599318,0.3707975744895823,0.3263257575757576,,,,,0.23774116320181776,0.35065328875328194,3.0,0.176781300193147,0.5262266805516322,0.2867794829483898,0.8102141672789055,0.07461922762782752,0.04240807655764458,0.2827205103842972,0.15,0.29096446254987984,-0.04596937080982283,Stable,0.6,0.7,-0.09,0.09999999999999998,82.58850714082114,0.5644972557757298,0.4355027442242701,0.9829629131445341,0.3910262602048397,0.2684408681048061,1.0,1.9072112026920467,2.131875918930891,1.9072112026920467,1.1177975024065125,2320.7723805785,1.32255714828946,14.55,30.395,39.56,30.6,16.76,6.16,10.6,15.18,21.8,46.26,8.66,53.5,2.72103284850455,4.62505818398393,3.41507220577273,7.91215251419401,5.79006004333496,5.12036419,1.49264292624339,5.25288729548421,5.75974663829919,6,5,-4.0,4.8,2,0,0.0,0.0,15.0,0.0,TUNISIA,2002-01-01,2002-12-31,2002,annual
TUN-2003,0.16649487383473505,0.5671428571428573,0.3230384395846969,0.3015151515151515,0.21108563568883382,0.5885714285714287,0.2086337800797595,0.2566758377684033,0.6860590815213226,0.6142857142857143,0.10925925925925926,0.7,0.18032638626319808,0.35431689003987976,0.6456831099601202,0.731397395674406,0.623273243984048,0.3263257575757576,,,,,0.2566758377684033,0.3794979606089397,0.11424733287533684,0.14055120373933797,0.5347669892721008,0.42436854508556593,0.8282915843162371,0.021240811066345202,0.03884749231809786,0.24392611455549817,0.15925925925925927,0.2787382053627343,-0.05377984517180537,Stable,0.6,0.7,-0.09,0.09999999999999998,82.58850714082114,0.5644972557757298,0.4355027442242701,0.9829629131445341,0.3910262602048397,0.2684408681048061,1.0,1.8787170969065352,2.101282969526429,1.8787170969065352,1.118466943738558,2725.8643148859,4.70239953285241,14.51,30.664,38.94,30.1,17.04,6.24,10.799999999999999,15.32,21.900000000000002,45.74,7.74,61.4,2.71259247474352,4.55401146418396,1.96504647635127,7.048178366673081,6.81675004959106,5.20888519,1.48388570363995,6.49084579532797,19.0389204053524,6,5,-4.0,4.9,2,1,0.0,0.0,14.0,0.0,TUNISIA,2003-01-01,2003-12-31,2003,annual
TUN-2004,0.26001811873095254,0.6064285714285714,0.288192558364063,0.30227272727272725,0.18024531080314157,0.6207142857142858,0.3289147472621088,0.19564699874080604,0.6329290473572372,0.6428571428571428,0.11851851851851852,0.7,0.30941696103787775,0.4144573736310544,0.5855426263689456,0.6926854835118027,0.5766245871840057,0.3269886363636364,,,,,0.19564699874080604,0.40843131694695006,3.0,0.22136336257498174,0.45667154104648255,0.5403773689208119,0.8523799218452273,0.08043638454515675,0.05754573093952695,0.34148016161917094,0.1685185185185185,0.287504429233685,0.12028096718234929,Metastable,0.6,0.7,-0.09,0.09999999999999998,82.58850714082114,0.5644972557757298,0.4355027442242701,0.9829629131445341,0.3910262602048397,0.2684408681048061,1.0,,,,,3067.41936376975,6.23579072222647,14.23,30.533,,,,,,,,,,72.4,3.63228004956625,4.59003431419085,1.89888949723214,7.798899916320135,6.72078990936279,5.19890785,1.42590206296513,8.52881775162591,36.746361434496,6,5,-4.0,5.0,3,2,0.0,0.0,14.0,0.0,TUNISIA,2004-01-01,2004-12-31,2004,annual
TUN-2005,0.34284995810906793,0.5671428571428573,0.3000280794096981,0.3007575757575757,0.11251119769083348,0.5885714285714287,0.006090148222685949,0.2152866251929618,0.4751616885169944,0.6142857142857143,0.10925925925925926,0.7,0.07039242305443712,0.25304507411134297,0.746954925888657,0.8326692116029427,0.5778054794592241,0.3256628787878788,,,,,0.2152866251929618,0.4312229072886372,3.0,0.004106813020241159,0.4041116019178952,0.567347777158363,0.8803451374102186,0.0,0.01604631178727319,0.10075591122241306,0.15925925925925927,0.2523867069268904,-0.32282459903942284,Stable,0.6,0.7,-0.09,0.09999999999999998,82.58850714082114,0.5644972557757298,0.4355027442242701,0.9829629131445341,0.3910262602048397,0.2684408681048061,1.0,1.8225568837051922,2.0400987588827078,1.8225568837051922,1.1193608150848278,3146.8260743927,3.4865455430439,12.872,28.103,37.7,29.1,17.6,6.4,11.2,15.6,22.1,44.7,5.9,80.2,2.01778641357144,4.31539618298049,2.20844919497596,8.676201667024905,6.4515700340271,5.14555788,1.45160141621028,9.655099869,55.3921457734954,6,5,-4.0,4.9,1,1,0.0,0.0,11.0,0.0,TUNISIA,2005-01-01,2005-12-31,2005,annual
TUN-2006,0.44860404115451225,0.4492857142857142,0.3027755125652192,0.3,0.0017285928482105584,0.49214285714285705,0.01599999999999966,0.2170589913850407,0.4635815828013906,0.5285714285714285,0.11851851851851852,0.7,0.13176019910189934,0.25799999999999984,0.7420000000000002,0.7634285714285715,0.5728169510553327,0.325,,,,,0.2170589913850407,0.48191613199960087,3.0,0.010799999999999772,0.646943701471279,0.6270387965356661,0.916048754234031,0.0,0.019330473911294246,0.11470830672636145,0.1685185185185185,0.22593240986886404,0.00990985177731371,Stable,0.6,0.7,-0.09,0.09999999999999998,82.58850714082114,0.5644972557757298,0.4355027442242701,0.9829629131445341,0.3910262602048397,0.2684408681048061,1.0,1.8290862142581676,2.0470924555411196,1.8290862142581676,1.119188608816545,3322.56933570096,5.24409983246916,12.51,27.913,37.86,29.14,17.52,6.38,11.139999999999999,15.56,22.1,44.82,5.34,87.5,3.22525337438917,4.39262875850702,9.42473369729129,8.723941181741484,6.43879985809326,5.13109922,1.44636242435988,12.98639965,70.9332705740445,6,5,-4.0,4.6,0,2,0.0,0.0,13.0,0.0,TUNISIA,2006-01-01,2006-12-31,2006,annual
TUN-2007,0.5264066926846167,0.29214285714285726,0.15769262829557515,0.3,0.18828560362309216,0.36357142857142866,0.03902838516908873,0.29365220615498705,0.49212794779251945,0.41428571428571437,0.1,0.7,0.18897842305256296,0.26951419258454434,0.7304858074154557,0.6662000931297414,0.5742667138696975,0.325,,,,,0.29365220615498705,0.5427995791281204,3.0,0.026344159989134894,0.6218466387512728,0.764374976200215,0.9493545009270927,0.02215145545152429,0.0239854718741656,0.15990314582777065,0.15,0.20823768610262539,0.023028385169089068,Stable,0.6,0.7,-0.09,0.09999999999999998,82.58850714082114,0.5644972557757298,0.4355027442242701,0.9829629131445341,0.3910262602048397,0.2684408681048061,1.0,1.8356283534219289,2.0540837875486164,1.8356283534219289,1.1190085311765037,3726.91672935667,6.70952097453554,12.365,28.143,38.02,29.18,17.44,6.36,11.08,15.52,22.1,44.94,4.78,110.2,2.96694432477349,4.40894710281036,3.89395159860218,8.667530074501895,6.46451997756958,5.17542839,1.26099385636655,17.1,75.1086269269129,6,5,-4.0,4.2,0,0,0.0,0.0,14.0,0.0,TUNISIA,2007-01-01,2007-12-31,2007,annual
TUN-2008-Q1,0.7092572061380266,0.3707142857142859,0.18529341062157734,0.3212121212121212,0.23723081550714228,0.427857142857143,0.0787815181558897,0.43579930416035945,0.38840245122983946,0.47142857142857153,0.4092592592592592,0.7,0.3338639342584014,0.28939075907794487,0.7106092409220551,0.6891806694934838,0.520888781290252,0.34356060606060607,,,,,0.43579930416035945,0.6539648095534014,3.0,0.0517152920318776,0.588913959563622,0.9437549299124018,0.969514516114317,0.07834731214736516,0.08334341813993901,0.23198683399776837,0.3592592592592593,0.2520622982752445,0.03975313298680097,Stable,0.6,0.7,-0.09,0.09999999999999998,82.58850714082114,0.5644972557757298,0.4355027442242701,0.9829629131445341,0.3910262602048397,0.2684408681048061,1.0,1.8421830758061426,2.061072626291714,1.8421830758061426,1.1188207368530865,4255.05008019523,4.23778147502819,12.444,28.66,38.18,29.220000000000002,17.36,6.34,11.02,15.48,22.1,45.06,4.220000000000001,145.9,4.34502807623045,4.40701942168731,5.79738619600755,8.713884989470477,6.27157020568848,5.1644063,1.29062492574542,27.53,81.5940606878641,7,5,-4.0,4.4,28,1,0.0,0.0,14.0,0.0,TUNISIA,2008-01-01,2008-03-31,2008-Q1,quarterly
TUN-2008-Q2,0.7092572061380266,0.3707142857142859,0.18529341062157734,0.3212121212121212,0.23723081550714228,0.427857142857143,0.0787815181558897,0.43579930416035945,0.38840245122983946,0.47142857142857153,0.4092592592592592,0.7,0.3338639342584014,0.28939075907794487,0.7106092409220551,0.6891806694934838,0.520888781290252,0.34356060606060607,,,,,0.43579930416035945,0.6539648095534014,3.0,0.0517152920318776,0.588913959563622,0.9437549299124018,0.969514516114317,0.07834731214736516,0.08334341813993901,0.23198683399776837,0.3592592592592593,0.2520622982752445,0.03975313298680097,Stable,0.6,0.7,-0.09,0.09999999999999998,82.58850714082114,0.5644972557757298,0.4355027442242701,0.9829629131445341,0.3910262602048397,0.2684408681048061,1.0,1.8421830758061426,2.061072626291714,1.8421830758061426,1.1188207368530865,4255.05008019523,4.23778147502819,12.444,28.66,38.18,29.220000000000002,17.36,6.34,11.02,15.48,22.1,45.06,4.220000000000001,145.9,4.34502807623045,4.40701942168731,5.79738619600755,8.713884989470477,6.27157020568848,5.1644063,1.29062492574542,27.53,81.5940606878641,7,5,-4.0,4.4,28,1,0.0,0.0,14.0,0.0,TUNISIA,2008-04-01,2008-06-30,2008-Q2,quarterly
TUN-2008-Q3,0.7092572061380266,0.3707142857142859,0.18529341062157734,0.3212121212121212,0.23723081550714228,0.427857142857143,0.0787815181558897,0.43579930416035945,0.38840245122983946,0.47142857142857153,0.4092592592592592,0.7,0.3338639342584014,0.28939075907794487,0.7106092409220551,0.6891806694934838,0.520888781290252,0.34356060606060607,,,,,0.43579930416035945,0.6539648095534014,3.0,0.0517152920318776,0.588913959563622,0.9437549299124018,0.969514516114317,0.07834731214736516,0.08334341813993901,0.23198683399776837,0.3592592592592593,0.2520622982752445,0.03975313298680097,Stable,0.6,0.7,-0.09,0.09999999999999998,82.58850714082114,0.5644972557757298,0.4355027442242701,0.9829629131445341,0.3910262602048397,0.2684408681048061,1.0,1.8421830758061426,2.061072626291714,1.8421830758061426,1.1188207368530865,4255.05008019523,4.23778147502819,12.444,28.66,38.18,29.220000000000002,17.36,6.34,11.02,15.48,22.1,45.06,4.220000000000001,145.9,4.34502807623045,4.40701942168731,5.79738619600755,8.713884989470477,6.27157020568848,5.1644063,1.29062492574542,27.53,81.5940606878641,7,5,-4.0,4.4,28,1,0.0,0.0,14.0,0.0,TUNISIA,2008-07-01,2008-09-30,2008-Q3,quarterly
TUN-2008-Q4,0.7092572061380266,0.3707142857142859,0.18529341062157734,0.3212121212121212,0.23723081550714228,0.427857142857143,0.0787815181558897,0.43579930416035945,0.38840245122983946,0.47142857142857153,0.4092592592592592,0.7,0.3338639342584014,0.28939075907794487,0.7106092409220551,0.6891806694934838,0.520888781290252,0.34356060606060607,,,,,0.43579930416035945,0.6539648095534014,3.0,0.0517152920318776,0.588913959563622,0.9437549299124018,0.969514516114317,0.07834731214736516,0.08334341813993901,0.23198683399776837,0.3592592592592593,0.2520622982752445,0.03975313298680097,Stable,0.6,0.7,-0.09,0.09999999999999998,82.58850714082114,0.5644972557757298,0.4355027442242701,0.9829629131445341,0.3910262602048397,0.2684408681048061,1.0,1.8421830758061426,2.061072626291714,1.8421830758061426,1.1188207368530865,4255.05008019523,4.23778147502819,12.444,28.66,38.18,29.220000000000002,17.36,6.34,11.02,15.48,22.1,45.06,4.220000000000001,145.9,4.34502807623045,4.40701942168731,5.79738619600755,8.713884989470477,6.27157020568848,5.1644063,1.29062492574542,27.53,81.5940606878641,7,5,-4.0,4.4,28,1,0.0,0.0,14.0,0.0,TUNISIA,2008-10-01,2008-12-31,2008-Q4,quarterly
TUN-2009-Q1,0.8461442251259337,0.29214285714285726,0.1818943113968357,0.3007575757575757,0.3364323161719082,0.36357142857142866,0.347292647204079,0.28972243689168226,0.6044279265784509,0.41428571428571437,0.4,0.7,0.40598359078253765,0.42364632360203947,0.5763536763979605,0.5120679621122463,0.5276723602964953,0.3256628787878788,,,,,0.28972243689168226,0.7373026625359593,3.0,0.23419232393373546,0.3769564935853518,0.8843300274129455,1.0,0.19725415768058735,0.1365819353717475,0.3902341010621358,0.35,0.34621145277125387,0.2685111290481893,Metastable,0.6,0.7,-0.09,0.09999999999999998,82.58850714082114,0.5644972557757298,0.4355027442242701,0.9829629131445341,0.3910262602048397,0.2684408681048061,1.0,,,,,4080.09032448781,3.04345012371552,13.29,31.153,,,,,,,,,,109.4,3.66490330642919,4.52066560776586,3.50988118042442,8.10940041447104,6.528480052948,5.40595293,1.2949496088007,34.07,91.9849726040992,7,5,-4.0,4.2,1,0,0.0,0.0,14.0,0.0,TUNISIA,2009-01-01,2009-03-31,2009-Q1,quarterly
TUN-2009-Q2,0.8461442251259337,0.29214285714285726,0.1818943113968357,0.3007575757575757,0.3364323161719082,0.36357142857142866,0.347292647204079,0.28972243689168226,0.6044279265784509,0.41428571428571437,0.4,0.7,0.40598359078253765,0.42364632360203947,0.5763536763979605,0.5120679621122463,0.5276723602964953,0.3256628787878788,,,,,0.28972243689168226,0.7373026625359593,3.0,0.23419232393373546,0.3769564935853518,0.8843300274129455,1.0,0.19725415768058735,0.1365819353717475,0.3902341010621358,0.35,0.34621145277125387,0.2685111290481893,Metastable,0.6,0.7,-0.09,0.09999999999999998,82.58850714082114,0.5644972557757298,0.4355027442242701,0.9829629131445341,0.3910262602048397,0.2684408681048061,1.0,,,,,4080.09032448781,3.04345012371552,13.29,31.153,,,,,,,,,,109.4,3.66490330642919,4.52066560776586,3.50988118042442,8.10940041447104,6.528480052948,5.40595293,1.2949496088007,34.07,91.9849726040992,7,5,-4.0,4.2,1,0,0.0,0.0,14.0,0.0,TUNISIA,2009-04-01,2009-06-30,2009-Q2,quarterly
TUN-2009-Q3,0.8461442251259337,0.29214285714285726,0.1818943113968357,0.3007575757575757,0.3364323161719082,0.36357142857142866,0.347292647204079,0.28972243689168226,0.6044279265784509,0.41428571428571437,0.4,0.7,0.40598359078253765,0.42364632360203947,0.5763536763979605,0.5120679621122463,0.5276723602964953,0.3256628787878788,,,,,0.28972243689168226,0.7373026625359593,3.0,0.23419232393373546,0.3769564935853518,0.8843300274129455,1.0,0.19725415768058735,0.1365819353717475,0.3902341010621358,0.35,0.34621145277125387,0.2685111290481893,Metastable,0.6,0.7,-0.09,0.09999999999999998,82.58850714082114,0.5644972557757298,0.4355027442242701,0.9829629131445341,0.3910262602048397,0.2684408681048061,1.0,,,,,4080.09032448781,3.04345012371552,13.29,31.153,,,,,,,,,,109.4,3.66490330642919,4.52066560776586,3.50988118042442,8.10940041447104,6.528480052948,5.40595293,1.2949496088007,34.07,91.9849726040992,7,5,-4.0,4.2,1,0,0.0,0.0,14.0,0.0,TUNISIA,2009-07-01,2009-09-30,2009-Q3,quarterly
TUN-2009-Q4,0.8461442251259337,0.29214285714285726,0.1818943113968357,0.3007575757575757,0.3364323161719082,0.36357142857142866,0.347292647204079,0.28972243689168226,0.6044279265784509,0.41428571428571437,0.4,0.7,0.40598359078253765,0.42364632360203947,0.5763536763979605,0.5120679621122463,0.5276723602964953,0.3256628787878788,,,,,0.28972243689168226,0.7373026625359593,3.0,0.23419232393373546,0.3769564935853518,0.8843300274129455,1.0,0.19725415768058735,0.1365819353717475,0.3902341010621358,0.35,0.34621145277125387,0.2685111290481893,Metastable,0.6,0.7,-0.09,0.09999999999999998,82.58850714082114,0.5644972557757298,0.4355027442242701,0.9829629131445341,0.3910262602048397,0.2684408681048061,1.0,,,,,4080.09032448781,3.04345012371552,13.29,31.153,,,,,,,,,,109.4,3.66490330642919,4.52066560776586,3.50988118042442,8.10940041447104,6.528480052948,5.40595293,1.2949496088007,34.07,91.9849726040992,7,5,-4.0,4.2,1,0,0.0,0.0,14.0,0.0,TUNISIA,2009-10-01,2009-12-31,2009-Q4,quarterly
TUN-2010-01,0.9275842221862156,0.3314285714285714,0.15296296296296294,0.3196969696969697,0.38144482874582547,0.39571428571428563,0.13811296963935127,0.3862232755157611,0.3814773939547319,0.44285714285714284,0.4185185185185185,0.7,0.2999661992716454,0.31905648481967563,0.6809435151803244,0.6380863723231814,0.43639044313471287,0.3422348484848485,,,,,0.3862232755157611,0.7913202029249709,3.0,0.09084589840103541,0.4413740499291323,0.9562577922207481,0.9421250208504681,0.11126156251718604,0.09119262293422695,0.24745736876624397,0.3685185185185185,0.37742627810224544,-0.20917967756472772,Stable,0.6,0.7,-0.09,0.09999999999999998,82.58850714082114,0.5644972557757298,0.4355027442242701,0.9829629131445341,0.3910262602048397,0.2684408681048061,1.0,1.8553293757833356,2.0750423296267515,1.8553293757833356,1.118422613640045,4291.86120891575,2.97113275066512,13.049,29.573,38.5,29.3,17.2,6.3,10.9,15.4,22.1,45.3,3.1,128.0,3.33897963601069,4.4654169829179,2.88814231758981,7.524981780905185,5.96306991577148,5.60950756,1.23617052057621,36.8,103.234503500842,7,5,-4.0,4.3,26,2,0.0,0.0,14.0,0.0,TUNISIA,2010-01-01,2010-01-31,2010-01,monthly
TUN-2010-02,0.9275842221862156,0.3314285714285714,0.15296296296296294,0.3196969696969697,0.38144482874582547,0.39571428571428563,0.13811296963935127,0.3862232755157611,0.3814773939547319,0.44285714285714284,0.4185185185185185,0.7,0.2999661992716454,0.31905648481967563,0.6809435151803244,0.6380863723231814,0.43639044313471287,0.3422348484848485,,,,,0.3862232755157611,0.7913202029249709,3.0,0.09084589840103541,0.4413740499291323,0.9562577922207481,0.9421250208504681,0.11126156251718604,0.09119262293422695,0.24745736876624397,0.3685185185185185,0.37742627810224544,-0.20917967756472772,Stable,0.6,0.7,-0.09,0.09999999999999998,82.58850714082114,0.5644972557757298,0.4355027442242701,0.9829629131445341,0.3910262602048397,0.2684408681048061,1.0,1.8553293757833356,2.0750423296267515,1.8553293757833356,1.118422613640045,4291.86120891575,2.97113275066512,13.049,29.573,38.5,29.3,17.2,6.3,10.9,15.4,22.1,45.3,3.1,128.0,3.33897963601069,4.4654169829179,2.88814231758981,7.524981780905185,5.96306991577148,5.60950756,1.23617052057621,36.8,103.234503500842,7,5,-4.0,4.3,26,2,0.0,0.0,14.0,0.0,TUNISIA,2010-02-01,2010-02-28,2010-02,monthly
TUN-2010-03,0.9275842221862156,0.3314285714285714,0.15296296296296294,0.3196969696969697,0.38144482874582547,0.39571428571428563,0.13811296963935127,0.3862232755157611,0.3814773939547319,0.44285714285714284,0.4185185185185185,0.7,0.2999661992716454,0.31905648481967563,0.6809435151803244,0.6380863723231814,0.43639044313471287,0.3422348484848485,,,,,0.3862232755157611,0.7913202029249709,3.0,0.09084589840103541,0.4413740499291323,0.9562577922207481,0.9421250208504681,0.11126156251718604,0.09119262293422695,0.24745736876624397,0.3685185185185185,0.37742627810224544,-0.20917967756472772,Stable,0.6,0.7,-0.09,0.09999999999999998,82.58850714082114,0.5644972557757298,0.4355027442242701,0.9829629131445341,0.3910262602048397,0.2684408681048061,1.0,1.8553293757833356,2.0750423296267515,1.8553293757833356,1.118422613640045,4291.86120891575,2.97113275066512,13.049,29.573,38.5,29.3,17.2,6.3,10.9,15.4,22.1,45.3,3.1,128.0,3.33897963601069,4.4654169829179,2.88814231758981,7.524981780905185,5.96306991577148,5.60950756,1.23617052057621,36.8,103.234503500842,7,5,-4.0,4.3,26,2,0.0,0.0,14.0,0.0,TUNISIA,2010-03-01,2010-03-31,2010-03,monthly
TUN-2010-04,0.9275842221862156,0.3314285714285714,0.15296296296296294,0.3196969696969697,0.38144482874582547,0.39571428571428563,0.13811296963935127,0.3862232755157611,0.3814773939547319,0.44285714285714284,0.4185185185185185,0.7,0.2999661992716454,0.31905648481967563,0.6809435151803244,0.6380863723231814,0.43639044313471287,0.3422348484848485,,,,,0.3862232755157611,0.7913202029249709,3.0,0.09084589840103541,0.4413740499291323,0.9562577922207481,0.9421250208504681,0.11126156251718604,0.09119262293422695,0.24745736876624397,0.3685185185185185,0.37742627810224544,-0.20917967756472772,Stable,0.6,0.7,-0.09,0.09999999999999998,82.58850714082114,0.5644972557757298,0.4355027442242701,0.9829629131445341,0.3910262602048397,0.2684408681048061,1.0,1.8553293757833356,2.0750423296267515,1.8553293757833356,1.118422613640045,4291.86120891575,2.97113275066512,13.049,29.573,38.5,29.3,17.2,6.3,10.9,15.4,22.1,45.3,3.1,128.0,3.33897963601069,4.4654169829179,2.88814231758981,7.524981780905185,5.96306991577148,5.60950756,1.23617052057621,36.8,103.234503500842,7,5,-4.0,4.3,26,2,0.0,0.0,14.0,0.0,TUNISIA,2010-04-01,2010-04-30,2010-04,monthly
TUN-2010-05,0.9275842221862156,0.3314285714285714,0.15296296296296294,0.3196969696969697,0.38144482874582547,0.39571428571428563,0.13811296963935127,0.3862232755157611,0.3814773939547319,0.44285714285714284,0.4185185185185185,0.7,0.2999661992716454,0.31905648481967563,0.6809435151803244,0.6380863723231814,0.43639044313471287,0.3422348484848485,,,,,0.3862232755157611,0.7913202029249709,3.0,0.09084589840103541,0.4413740499291323,0.9562577922207481,0.9421250208504681,0.11126156251718604,0.09119262293422695,0.24745736876624397,0.3685185185185185,0.37742627810224544,-0.20917967756472772,Stable,0.6,0.7,-0.09,0.09999999999999998,82.58850714082114,0.5644972557757298,0.4355027442242701,0.9829629131445341,0.3910262602048397,0.2684408681048061,1.0,1.8553293757833356,2.0750423296267515,1.8553293757833356,1.118422613640045,4291.86120891575,2.97113275066512,13.049,29.573,38.5,29.3,17.2,6.3,10.9,15.4,22.1,45.3,3.1,128.0,3.33897963601069,4.4654169829179,2.88814231758981,7.524981780905185,5.96306991577148,5.60950756,1.23617052057621,36.8,103.234503500842,7,5,-4.0,4.3,26,2,0.0,0.0,14.0,0.0,TUNISIA,2010-05-01,2010-05-31,2010-05,monthly
TUN-2010-06,0.9275842221862156,0.3314285714285714,0.15296296296296294,0.3196969696969697,0.38144482874582547,0.39571428571428563,0.13811296963935127,0.3862232755157611,0.3814773939547319,0.44285714285714284,0.4185185185185185,0.7,0.2999661992716454,0.31905648481967563,0.6809435151803244,0.6380863723231814,0.43639044313471287,0.3422348484848485,,,,,0.3862232755157611,0.7913202029249709,3.0,0.09084589840103541,0.4413740499291323,0.9562577922207481,0.9421250208504681,0.11126156251718604,0.09119262293422695,0.24745736876624397,0.3685185185185185,0.37742627810224544,-0.20917967756472772,Stable,0.6,0.7,-0.09,0.09999999999999998,82.58850714082114,0.5644972557757298,0.4355027442242701,0.9829629131445341,0.3910262602048397,0.2684408681048061,1.0,1.8553293757833356,2.0750423296267515,1.8553293757833356,1.118422613640045,4291.86120891575,2.97113275066512,13.049,29.573,38.5,29.3,17.2,6.3,10.9,15.4,22.1,45.3,3.1,128.0,3.33897963601069,4.4654169829179,2.88814231758981,7.524981780905185,5.96306991577148,5.60950756,1.23617052057621,36.8,103.234503500842,7,5,-4.0,4.3,26,2,0.0,0.0,14.0,0.0,TUNISIA,2010-06-01,2010-06-30,2010-06,monthly
TUN-2010-07,0.9275842221862156,0.3314285714285714,0.15296296296296294,0.3196969696969697,0.38144482874582547,0.39571428571428563,0.13811296963935127,0.3862232755157611,0.3814773939547319,0.44285714285714284,0.4185185185185185,0.7,0.2999661992716454,0.31905648481967563,0.6809435151803244,0.6380863723231814,0.43639044313471287,0.3422348484848485,,,,,0.3862232755157611,0.7913202029249709,3.0,0.09084589840103541,0.4413740499291323,0.9562577922207481,0.9421250208504681,0.11126156251718604,0.09119262293422695,0.24745736876624397,0.3685185185185185,0.37742627810224544,-0.20917967756472772,Stable,0.6,0.7,-0.09,0.09999999999999998,82.58850714082114,0.5644972557757298,0.4355027442242701,0.9829629131445341,0.3910262602048397,0.2684408681048061,1.0,1.8553293757833356,2.0750423296267515,1.8553293757833356,1.118422613640045,4291.86120891575,2.97113275066512,13.049,29.573,38.5,29.3,17.2,6.3,10.9,15.4,22.1,45.3,3.1,128.0,3.33897963601069,4.4654169829179,2.88814231758981,7.524981780905185,5.96306991577148,5.60950756,1.23617052057621,36.8,103.234503500842,7,5,-4.0,4.3,26,2,0.0,0.0,14.0,0.0,TUNISIA,2010-07-01,2010-07-31,2010-07,monthly
TUN-2010-08,0.9275842221862156,0.3314285714285714,0.15296296296296294,0.3196969696969697,0.38144482874582547,0.39571428571428563,0.13811296963935127,0.3862232755157611,0.3814773939547319,0.44285714285714284,0.4185185185185185,0.7,0.2999661992716454,0.31905648481967563,0.6809435151803244,0.6380863723231814,0.43639044313471287,0.3422348484848485,,,,,0.3862232755157611,0.7913202029249709,3.0,0.09084589840103541,0.4413740499291323,0.9562577922207481,0.9421250208504681,0.11126156251718604,0.09119262293422695,0.24745736876624397,0.3685185185185185,0.37742627810224544,-0.20917967756472772,Stable,0.6,0.7,-0.09,0.09999999999999998,82.58850714082114,0.5644972557757298,0.4355027442242701,0.9829629131445341,0.3910262602048397,0.2684408681048061,1.0,1.8553293757833356,2.0750423296267515,1.8553293757833356,1.118422613640045,4291.86120891575,2.97113275066512,13.049,29.573,38.5,29.3,17.2,6.3,10.9,15.4,22.1,45.3,3.1,128.0,3.33897963601069,4.4654169829179,2.88814231758981,7.524981780905185,5.96306991577148,5.60950756,1.23617052057621,36.8,103.234503500842,7,5,-4.0,4.3,26,2,0.0,0.0,14.0,0.0,TUNISIA,2010-08-01,2010-08-31,2010-08,monthly
TUN-2010-09,0.9275842221862156,0.3314285714285714,0.15296296296296294,0.3196969696969697,0.38144482874582547,0.39571428571428563,0.13811296963935127,0.3862232755157611,0.3814773939547319,0.44285714285714284,0.4185185185185185,0.7,0.2999661992716454,0.31905648481967563,0.6809435151803244,0.6380863723231814,0.43639044313471287,0.3422348484848485,,,,,0.3862232755157611,0.7913202029249709,3.0,0.09084589840103541,0.4413740499291323,0.9562577922207481,0.9421250208504681,0.11126156251718604,0.09119262293422695,0.24745736876624397,0.3685185185185185,0.37742627810224544,-0.20917967756472772,Stable,0.6,0.7,-0.09,0.09999999999999998,82.58850714082114,0.5644972557757298,0.4355027442242701,0.9829629131445341,0.3910262602048397,0.2684408681048061,1.0,1.8553293757833356,2.0750423296267515,1.8553293757833356,1.118422613640045,4291.86120891575,2.97113275066512,13.049,29.573,38.5,29.3,17.2,6.3,10.9,15.4,22.1,45.3,3.1,128.0,3.33897963601069,4.4654169829179,2.88814231758981,7.524981780905185,5.96306991577148,5.60950756,1.23617052057621,36.8,103.234503500842,7,5,-4.0,4.3,26,2,0.0,0.0,14.0,0.0,TUNISIA,2010-09-01,2010-09-30,2010-09,monthly
TUN-2010-10,0.9275842221862156,0.3314285714285714,0.15296296296296294,0.3196969696969697,0.38144482874582547,0.39571428571428563,0.13811296963935127,0.3862232755157611,0.3814773939547319,0.44285714285714284,0.4185185185185185,0.7,0.2999661992716454,0.31905648481967563,0.6809435151803244,0.6380863723231814,0.43639044313471287,0.3422348484848485,,,,,0.3862232755157611,0.7913202029249709,3.0,0.09084589840103541,0.4413740499291323,0.9562577922207481,0.9421250208504681,0.11126156251718604,0.09119262293422695,0.24745736876624397,0.3685185185185185,0.37742627810224544,-0.20917967756472772,Stable,0.6,0.7,-0.09,0.09999999999999998,82.58850714082114,0.5644972557757298,0.4355027442242701,0.9829629131445341,0.3910262602048397,0.2684408681048061,1.0,1.8553293757833356,2.0750423296267515,1.8553293757833356,1.118422613640045,4291.86120891575,2.97113275066512,13.049,29.573,38.5,29.3,17.2,6.3,10.9,15.4,22.1,45.3,3.1,128.0,3.33897963601069,4.4654169829179,2.88814231758981,7.524981780905185,5.96306991577148,5.60950756,1.23617052057621,36.8,103.234503500842,7,5,-4.0,4.3,26,2,0.0,0.0,14.0,0.0,TUNISIA,2010-10-01,2010-10-31,2010-10,monthly
TUN-2010-11,0.9275842221862156,0.3314285714285714,0.15296296296296294,0.3196969696969697,0.38144482874582547,0.39571428571428563,0.13811296963935127,0.3862232755157611,0.3814773939547319,0.44285714285714284,0.4185185185185185,0.7,0.2999661992716454,0.31905648481967563,0.6809435151803244,0.6380863723231814,0.43639044313471287,0.3422348484848485,,,,,0.3862232755157611,0.7913202029249709,3.0,0.09084589840103541,0.4413740499291323,0.9562577922207481,0.9421250208504681,0.11126156251718604,0.09119262293422695,0.24745736876624397,0.3685185185185185,0.37742627810224544,-0.20917967756472772,Stable,0.6,0.7,-0.09,0.09999999999999998,82.58850714082114,0.5644972557757298,0.4355027442242701,0.9829629131445341,0.3910262602048397,0.2684408681048061,1.0,1.8553293757833356,2.0750423296267515,1.8553293757833356,1.118422613640045,4291.86120891575,2.97113275066512,13.049,29.573,38.5,29.3,17.2,6.3,10.9,15.4,22.1,45.3,3.1,128.0,3.33897963601069,4.4654169829179,2.88814231758981,7.524981780905185,5.96306991577148,5.60950756,1.23617052057621,36.8,103.234503500842,7,5,-4.0,4.3,26,2,0.0,0.0,14.0,0.0,TUNISIA,2010-11-01,2010-11-30,2010-11,monthly
TUN-2010-W49,0.9275842221862156,0.3314285714285714,0.15296296296296294,0.3196969696969697,0.38144482874582547,0.39571428571428563,0.13811296963935127,0.3862232755157611,0.3814773939547319,0.44285714285714284,0.4185185185185185,0.7,0.2999661992716454,0.31905648481967563,0.6809435151803244,0.6380863723231814,0.43639044313471287,0.3422348484848485,,,,,0.3862232755157611,0.7913202029249709,3.0,0.09084589840103541,0.4413740499291323,0.9562577922207481,0.9421250208504681,0.11126156251718604,0.09119262293422695,0.24745736876624397,0.3685185185185185,0.37742627810224544,-0.20917967756472772,Stable,0.6,0.7,-0.09,0.09999999999999998,82.58850714082114,0.5644972557757298,0.4355027442242701,0.9829629131445341,0.3910262602048397,0.2684408681048061,1.0,1.8553293757833356,2.0750423296267515,1.8553293757833356,1.118422613640045,4291.86120891575,2.97113275066512,13.049,29.573,38.5,29.3,17.2,6.3,10.9,15.4,22.1,45.3,3.1,128.0,3.33897963601069,4.4654169829179,2.88814231758981,7.524981780905185,5.96306991577148,5.60950756,1.23617052057621,36.8,103.234503500842,7,5,-4.0,4.3,26,2,0.0,0.0,14.0,0.0,TUNISIA,2010-12-01,2010-12-16,2010-W49,weekly
TUN-2010-W50,0.9275842221862156,0.3314285714285714,0.15296296296296294,0.3196969696969697,0.38144482874582547,0.39571428571428563,0.13811296963935127,0.3862232755157611,0.3814773939547319,0.44285714285714284,0.4185185185185185,0.7,0.2999661992716454,0.31905648481967563,0.6809435151803244,0.6380863723231814,0.43639044313471287,0.3422348484848485,,,,,0.3862232755157611,0.7913202029249709,3.0,0.09084589840103541,0.4413740499291323,0.9562577922207481,0.9421250208504681,0.11126156251718604,0.09119262293422695,0.24745736876624397,0.3685185185185185,0.37742627810224544,-0.20917967756472772,Stable,0.6,0.7,-0.09,0.09999999999999998,82.58850714082114,0.5644972557757298,0.4355027442242701,0.9829629131445341,0.3910262602048397,0.2684408681048061,1.0,1.8553293757833356,2.0750423296267515,1.8553293757833356,1.118422613640045,4291.86120891575,2.97113275066512,13.049,29.573,38.5,29.3,17.2,6.3,10.9,15.4,22.1,45.3,3.1,128.0,3.33897963601069,4.4654169829179,2.88814231758981,7.524981780905185,5.96306991577148,5.60950756,1.23617052057621,36.8,103.234503500842,7,5,-4.0,4.3,26,2,0.0,0.0,14.0,0.0,TUNISIA,2010-12-17,2010-12-23,2010-W50,weekly
TUN-2010-W51,0.9275842221862156,0.3314285714285714,0.15296296296296294,0.3196969696969697,0.38144482874582547,0.39571428571428563,0.13811296963935127,0.3862232755157611,0.3814773939547319,0.44285714285714284,0.4185185185185185,0.7,0.2999661992716454,0.31905648481967563,0.6809435151803244,0.6380863723231814,0.43639044313471287,0.3422348484848485,,,,,0.3862232755157611,0.7913202029249709,3.0,0.09084589840103541,0.4413740499291323,0.9562577922207481,0.9421250208504681,0.11126156251718604,0.09119262293422695,0.24745736876624397,0.3685185185185185,0.37742627810224544,-0.20917967756472772,Stable,0.6,0.7,-0.09,0.09999999999999998,82.58850714082114,0.5644972557757298,0.4355027442242701,0.9829629131445341,0.3910262602048397,0.2684408681048061,1.0,1.8553293757833356,2.0750423296267515,1.8553293757833356,1.118422613640045,4291.86120891575,2.97113275066512,13.049,29.573,38.5,29.3,17.2,6.3,10.9,15.4,22.1,45.3,3.1,128.0,3.33897963601069,4.4654169829179,2.88814231758981,7.524981780905185,5.96306991577148,5.60950756,1.23617052057621,36.8,103.234503500842,7,5,-4.0,4.3,26,2,0.0,0.0,14.0,0.0,TUNISIA,2010-12-24,2010-12-30,2010-W51,weekly
TUN-2010-W52,0.9275842221862156,0.3314285714285714,0.15296296296296294,0.3196969696969697,0.38144482874582547,0.39571428571428563,0.13811296963935127,0.3862232755157611,0.3814773939547319,0.44285714285714284,0.4185185185185185,0.7,0.2999661992716454,0.31905648481967563,0.6809435151803244,0.6380863723231814,0.43639044313471287,0.3422348484848485,,,,,0.3862232755157611,0.7913202029249709,3.0,0.09084589840103541,0.4413740499291323,0.9562577922207481,0.9421250208504681,0.11126156251718604,0.09119262293422695,0.24745736876624397,0.3685185185185185,0.37742627810224544,-0.20917967756472772,Stable,0.6,0.7,-0.09,0.09999999999999998,82.58850714082114,0.5644972557757298,0.4355027442242701,0.9829629131445341,0.3910262602048397,0.2684408681048061,1.0,1.8553293757833356,2.0750423296267515,1.8553293757833356,1.118422613640045,4291.86120891575,2.97113275066512,13.049,29.573,38.5,29.3,17.2,6.3,10.9,15.4,22.1,45.3,3.1,128.0,3.33897963601069,4.4654169829179,2.88814231758981,7.524981780905185,5.96306991577148,5.60950756,1.23617052057621,36.8,103.234503500842,7,5,-4.0,4.3,26,2,0.0,0.0,14.0,0.0,TUNISIA,2010-12-31,2011-01-06,2010-W52,weekly
TUN-2011-W01,1.0,0.1125,0.6782476509955315,0.7,0.4546261745022342,0.22499999999999998,0.8479999999999998,0.8,0.7176191868271459,0.3,0.9,0.75,0.7454707837585649,0.6739999999999999,0.32600000000000007,0.17600000000000013,0.35204508492143,0.675,,,,,0.8,0.838004230162541,3.0,0.2755999999999999,0.22333088182838962,1.0,0.9862998818791715,0.5234161090716417,0.6680999999999999,0.7859999999999998,0.8500000000000001,1.0,0.7098870303606485,Pre-Critical,0.6,0.7,,0.09999999999999998,,,,0.9829629131445341,,,1.0,,,,,4420.64772206537,-2.04663389535644,18.334,42.639,,,,,,,,,,162.6,3.24002842009531,4.16533721221503,0.899077534980039,5.255247754888762,,6.12299299,1.48625780102894,39.1,113.794012236779,7,5,,3.8,528,54,0.0,0.0,17.0,0.0,TUNISIA,2011-01-07,2011-01-13,2011-W01,weekly
TUN-2011-W02,1.0,0.1125,0.6782476509955315,0.7,0.4546261745022342,0.22499999999999998,0.8479999999999998,0.8,0.7176191868271459,0.3,0.9,0.75,0.7454707837585649,0.6739999999999999,0.32600000000000007,0.17600000000000013,0.35204508492143,0.675,,,,,0.8,0.838004230162541,3.0,0.2755999999999999,0.22333088182838962,1.0,0.9862998818791715,0.5234161090716417,0.6680999999999999,0.7859999999999998,0.8500000000000001,1.0,0.7098870303606485,Pre-Critical,0.6,0.7,,0.09999999999999998,,,,0.9829629131445341,,,1.0,,,,,4420.64772206537,-2.04663389535644,18.334,42.639,,,,,,,,,,162.6,3.24002842009531,4.16533721221503,0.899077534980039,5.255247754888762,,6.12299299,1.48625780102894,39.1,113.794012236779,7,5,,3.8,528,54,0.0,0.0,17.0,0.0,TUNISIA,2011-01-14,2011-01-14,2011-W02,daily
